study,Type,site,Eutrophication,TN_mg_L,Chl.a_ug_L,TN_r1,T_C,SD_cm,DO,Data_Ioc,N,lnR
Zhu1,Lake,lakes in the middle and lower reaches of Yangtze River,Hyper,1.59,68.5,0.75,NA,60,NA,T2,1.59,3.393924622
Zhu1,Lake,lakes in the middle and lower reaches of Yangtze River,Eutro,1.14,7.7,0.75,NA,68,NA,T2,1.14,1.208311206
Zhu1,Lake,lakes in the middle and lower reaches of Yangtze River,Oligo-meso,1.94,6,0.75,NA,54,NA,T2,1.94,0.958850346
Zhu1,Lake,lakes in the middle and lower reaches of Yangtze River,Hyper,1.83,64.9,0.75,NA,53,NA,T2,1.83,3.339938501
Zhu1,Lake,lakes in the middle and lower reaches of Yangtze River,Hyper,1.46,53.8,0.75,NA,57,NA,T2,1.46,3.152364344
Zhu1,Lake,lakes in the middle and lower reaches of Yangtze River,Hyper,1.58,75,0.75,NA,46,NA,T2,1.58,3.484578991
Zhu1,Lake,lakes in the middle and lower reaches of Yangtze River,Hyper,0.73,37.9,0.75,NA,64,NA,T2,0.73,2.802041989
Zhu1,Lake,lakes in the middle and lower reaches of Yangtze River,Eutro,0.67,21.8,0.75,NA,110,NA,T2,0.67,2.249000847
Zhu1,Lake,lakes in the middle and lower reaches of Yangtze River,Hyper,1.14,36.5,0.75,NA,45,NA,T2,1.14,2.764403138
Zhu1,Lake,lakes in the middle and lower reaches of Yangtze River,Hyper,1.88,129.2,0.75,NA,27,NA,T2,1.88,4.028452468
Zhu1,Lake,lakes in the middle and lower reaches of Yangtze River,Oligo-meso,1.11,3.6,0.75,NA,381,NA,T2,1.11,0.448024723
Zhu1,Lake,lakes in the middle and lower reaches of Yangtze River,Eutro,1.65,16.2,0.75,NA,37,NA,T2,1.65,1.952102119
Zhu1,Lake,lakes in the middle and lower reaches of Yangtze River,Eutro,0.59,10.3,0.75,NA,138,NA,T2,0.59,1.499234772
Zhu1,Lake,lakes in the middle and lower reaches of Yangtze River,Oligo-meso,0.47,4.2,0.75,NA,147,NA,T2,0.47,0.602175402
Zhu1,Lake,lakes in the middle and lower reaches of Yangtze River,Eutro,1.19,62.4,0.75,NA,47,NA,T2,1.19,3.300656152
Zhu1,Lake,lakes in the middle and lower reaches of Yangtze River,Hyper,0.72,17.8,0.75,NA,75,NA,T2,0.72,2.046289334
Zhu1,Lake,lakes in the middle and lower reaches of Yangtze River,Oligo-meso,0.58,4,0.75,NA,317,NA,T2,0.58,0.553385238
Zhu1,Lake,lakes in the middle and lower reaches of Yangtze River,Eutro,0.61,18.7,0.75,NA,33,NA,T2,0.61,2.095614401
Zhu1,Lake,lakes in the middle and lower reaches of Yangtze River,Hyper,0.75,30.5,0.75,NA,22,NA,T2,0.75,2.584817561
Zhu1,Lake,lakes in the middle and lower reaches of Yangtze River,Hyper,0.92,30.6,0.75,NA,24,NA,T2,0.92,2.588090886
Zhu1,Lake,lakes in the middle and lower reaches of Yangtze River,Hyper,3.39,254.4,0.75,NA,18,NA,T2,3.39,4.705998709
Zhu1,Lake,lakes in the middle and lower reaches of Yangtze River,Oligo-meso,1.34,2.3,0.75,NA,925,NA,T2,1.34,0
Zhu1,Lake,lakes in the middle and lower reaches of Yangtze River,Eutro,0.98,22.3,0.75,NA,36,NA,T2,0.98,2.271677556
Zhu1,Lake,lakes in the middle and lower reaches of Yangtze River,Hyper,2.84,89.2,0.75,NA,25,NA,T2,2.84,3.657971917
Zhu1,Lake,lakes in the middle and lower reaches of Yangtze River,Hyper,2.62,44.4,0.75,NA,26,NA,T2,2.62,2.960330347
Zhu1,Lake,lakes in the middle and lower reaches of Yangtze River,Hyper,1.4,31,0.75,NA,50,NA,T2,1.4,2.601078082
Zhu1,Lake,lakes in the middle and lower reaches of Yangtze River,Eutro,2.16,25.4,0.75,NA,56,NA,T2,2.16,2.401840051
Zhan2,Lake,Hongfeng Lake,Oligo-meso,2.46,4.13,0.75,NA,174,NA,T1,2.46,1.963004582
Zhan2,Lake,Hongfeng Lake,Eutro,3.28,13.54,0.75,NA,355,NA,T1,3.28,3.150375443
Zhan2,Lake,Hongfeng Lake,Oligo-meso,1.37,0.82,0.75,NA,105,NA,T1,1.37,0.346276237
Zhan2,Lake,Hongfeng Lake,Oligo-meso,3.68,3.71,0.75,NA,158,NA,T1,3.68,1.855759052
Zhan2,Lake,Hongfeng Lake,Eutro,5.72,7.82,0.75,NA,234,NA,T1,5.72,2.60141173
Zhan2,Lake,Hongfeng Lake,Oligo-meso,2.45,0.58,0.75,NA,110,NA,T1,2.45,0
Zhan2,Lake,Hongfeng Lake,Eutro,3.39,7.13,0.75,NA,146,NA,T1,3.39,2.50903841
Zhan2,Lake,Hongfeng Lake,Eutro,5.99,20.44,0.75,NA,194,NA,T1,5.99,3.562220941
Zhan2,Lake,Hongfeng Lake,Oligo-meso,1.94,1.96,0.75,NA,96,NA,T1,1.94,1.217671649
Zhan2,Lake,Hongfeng Lake,Oligo-meso,2.35,4.61,0.75,NA,153,NA,T1,2.35,2.072955032
Zhan2,Lake,Hongfeng Lake,Oligo-meso,3.23,6.73,0.75,NA,251,NA,T1,3.23,2.451302319
Zhan2,Lake,Hongfeng Lake,Oligo-meso,1.61,2.66,0.75,NA,97,NA,T1,1.61,1.523053298
Zhan2,Lake,Hongfeng Lake,Eutro,2.67,7.29,0.75,NA,169,NA,T1,2.67,2.531230721
Zhan2,Lake,Hongfeng Lake,Eutro,4.56,15.56,0.75,NA,243,NA,T1,4.56,3.289430694
Zhan2,Lake,Hongfeng Lake,Oligo-meso,1.46,2.4,0.75,NA,76,NA,T1,1.46,1.420195913
Zhan2,Lake,Hongfeng Lake,Eutro,1.58,10.91,0.75,NA,151,NA,T1,1.58,2.934406975
Zhan2,Lake,Hongfeng Lake,Eutro,2.01,16.87,0.75,NA,260,NA,T1,2.01,3.370264072
Zhan2,Lake,Hongfeng Lake,Oligo-meso,1.24,5.28,0.75,NA,67,NA,T1,1.24,2.208653273
Zhan2,Lake,Hongfeng Lake,Eutro,1.58,12.69,0.75,NA,143,NA,T1,1.58,3.085541457
Zhan2,Lake,Hongfeng Lake,Eutro,2.26,25.25,0.75,NA,180,NA,T1,2.26,3.773553331
Zhan2,Lake,Hongfeng Lake,Oligo-meso,0.71,3.4,0.75,NA,90,NA,T1,0.71,1.768502607
Zeng3,Lake,Taihu Lake,Oligo-meso,0.981831,0.0714286,0.75,NA,NA,10.16,F5,0.981831,0
Zeng3,Lake,Taihu Lake,Oligo-meso,1.11222,0.5,0.75,NA,NA,10.38,F5,1.11222,1.945909749
Zeng3,Lake,Taihu Lake,Oligo-meso,1.21268,5.5,0.75,NA,NA,10.16,F5,1.21268,4.343805022
Zeng3,Lake,Taihu Lake,Oligo-meso,1.05344,2.07143,0.75,NA,NA,8.86,F5,1.05344,3.36729612
Zeng3,Lake,Taihu Lake,Oligo-meso,1.16886,1.21429,0.75,NA,NA,9.08,F5,1.16886,2.833216473
Zeng3,Lake,Taihu Lake,Oligo-meso,0.928393,1.28571,0.75,NA,NA,8.43,F5,0.928393,2.890368025
Zeng3,Lake,Taihu Lake,Oligo-meso,1.08978,1.14286,0.75,NA,NA,8.43,F5,1.08978,2.772590822
Zeng3,Lake,Taihu Lake,Oligo-meso,1.44068,0.571429,0.75,NA,NA,8.22,F5,1.44068,2.079441892
Zhang4,Lake,Qinshan Lake,Oligo-meso,0.636166,6.82623,0.75,NA,NA,NA,"F3,F4,F5",0.636166,1.444848973
Zhang4,Lake,Qinshan Lake,Eutro,6.19063,7.2107,0.75,NA,NA,NA,"F3,F4,F5",6.19063,1.499642462
Zhang4,Lake,Qinshan Lake,Oligo-meso,5.7451,4.30833,0.75,NA,NA,NA,"F3,F4,F5",5.7451,0.984626786
Zhang4,Lake,Qinshan Lake,Oligo-meso,9.24946,3.73539,0.75,NA,NA,NA,"F3,F4,F5",9.24946,0.841928659
Zhang4,Lake,Qinshan Lake,Eutro,4.0719,13.1549,0.75,NA,NA,NA,"F3,F4,F5",4.0719,2.100870741
Zhang4,Lake,Qinshan Lake,Eutro,7.6841,24.1236,0.75,NA,NA,NA,"F3,F4,F5",7.6841,2.707267043
Zhang4,Lake,Qinshan Lake,Eutro,2.40305,18.53,0.75,NA,NA,NA,"F3,F4,F5",2.40305,2.443467469
Zhang4,Lake,Qinshan Lake,Eutro,3.0719,21.0139,0.75,NA,NA,NA,"F3,F4,F5",3.0719,2.569260552
Zhang4,Lake,Qinshan Lake,Eutro,2.96405,18.5187,0.75,NA,NA,NA,"F3,F4,F5",2.96405,2.442857461
Zhang4,Lake,Qinshan Lake,Eutro,2.06754,20.0565,0.75,NA,NA,NA,"F3,F4,F5",2.06754,2.522629719
Zhang4,Lake,Qinshan Lake,Oligo-meso,3.78867,3.21,0.75,NA,NA,NA,"F3,F4,F5",3.78867,0.690347365
Zhang4,Lake,Qinshan Lake,Oligo-meso,11.8998,1.6095,0.75,NA,NA,NA,"F3,F4,F5",11.8998,0
Zhang5,reservoir,Macau,Eutro,1.55397,29.3333,0.75,29.33,63.41,9.52,F2,1.55397,1.481602905
Zhang5,reservoir,Macau,Eutro,1.31481,27.5556,0.75,27.56,69.77,8.1,F2,1.31481,1.419085297
Zhang5,reservoir,Macau,Eutro,1.31217,28.4444,0.75,28.44,81.56,7.62,F2,1.31217,1.45083082
Zhang5,reservoir,Macau,Hyper,0.512169,44,0.75,44,64.9,10.48,F2,0.512169,1.887069149
Zhang5,reservoir,Macau,Hyper,0.435979,61.7778,0.75,61.78,50,7.14,F2,0.435979,2.226423592
Zhang5,reservoir,Macau,Hyper,0.508995,85.3333,0.75,85.33,47.89,10.48,F2,0.508995,2.54944428
Zhang5,reservoir,Macau,Hyper,0.743386,54.2222,0.75,54.22,46.95,8.57,F2,0.743386,2.095969934
Zhang5,reservoir,Macau,Hyper,1.03757,58.6667,0.75,58.67,46.2,9.05,F2,1.03757,2.17475179
Zhang5,reservoir,Macau,Hyper,1.4873,54.6667,0.75,54.67,51.43,7.14,F2,1.4873,2.104134264
Zhang5,reservoir,Macau,Hyper,1.02434,71.5556,0.75,71.56,43.08,9.52,F2,1.02434,2.373354285
Zhang5,reservoir,Macau,Hyper,1.43757,85.7778,0.75,85.78,38.38,7.14,F2,1.43757,2.554639747
Zhang5,reservoir,Macau,Hyper,1.45185,45.7778,0.75,45.78,39.35,9.05,F2,1.45185,1.926678773
Zhang5,reservoir,Macau,Eutro,1.46508,11.1111,0.75,11.11,72.86,8.57,F2,1.46508,0.510824124
Zhang5,reservoir,Macau,Eutro,0.885714,9.77778,0.75,9.78,77.99,8.57,F2,0.885714,0.38299198
Zhang5,reservoir,Macau,Oligo-meso,1.63069,6.66667,0.75,6.67,75.81,7.62,F2,1.63069,0
Zhang5,reservoir,Macau,Eutro,0.918519,13.7778,0.75,13.78,86.23,7.14,F2,0.918519,0.725938116
Zhang5,reservoir,Macau,Oligo-meso,0.917989,6.66667,0.75,6.67,40.23,5.71,F2,0.917989,0
Zhang5,reservoir,Macau,Oligo-meso,0.993651,6.66667,0.75,6.67,38.25,6.19,F2,0.993651,0
Zhang6,Lake,Taihu Lake,Eutro,8.34783,21.7857,0.75,NA,NA,NA,F3,8.34783,1.471815879
Zhang6,Lake,Taihu Lake,Eutro,4.86957,15.3571,0.75,NA,NA,NA,F3,4.86957,1.122139995
Zhang6,Lake,Taihu Lake,Eutro,7.82609,16.4286,0.75,NA,NA,NA,F3,7.82609,1.189585806
Zhang6,Lake,Taihu Lake,Eutro,5.91304,20.3571,0.75,NA,NA,NA,F3,5.91304,1.403991833
Zhang6,Lake,Taihu Lake,Hyper,3.13043,31.7857,0.75,NA,NA,NA,F3,3.13043,1.849578591
Zhang6,Lake,Taihu Lake,Oligo-meso,7.21739,5,0.75,NA,NA,NA,F3,7.21739,0
Zhang6,Lake,Taihu Lake,Hyper,6,32.1429,0.75,NA,NA,NA,F3,6,1.860753674
Zhang6,Lake,Taihu Lake,Hyper,4.6087,41.4286,0.75,NA,NA,NA,F3,4.6087,2.114533551
Zhang6,Lake,Taihu Lake,Eutro,9.56522,18.2143,0.75,NA,NA,NA,F3,9.56522,1.292769087
Zhang6,Lake,Taihu Lake,Eutro,4.17391,19.2857,0.75,NA,NA,NA,F3,4.17391,1.349925976
Zhang6,Lake,Taihu Lake,Eutro,2.6087,23.2143,0.75,NA,NA,NA,F3,2.6087,1.535330556
Zhang6,Lake,Taihu Lake,Eutro,3.91304,13.9286,0.75,NA,NA,NA,F3,3.91304,1.024506368
Zhang6,Lake,Taihu Lake,Hyper,5.13043,31.0714,0.75,NA,NA,NA,F3,5.13043,1.826849869
Zhang6,Lake,Taihu Lake,Hyper,3.82609,38.2143,0.75,NA,NA,NA,F3,3.82609,2.033771879
Zhang6,Lake,Taihu Lake,Eutro,6.6087,27.1429,0.75,NA,NA,NA,F3,6.6087,1.69167759
Zhang6,Lake,Taihu Lake,Eutro,4.95652,24.6429,0.75,NA,NA,NA,F3,4.95652,1.595050914
Zhang6,Lake,Taihu Lake,Eutro,3.65217,20.3571,0.75,NA,NA,NA,F3,3.65217,1.403991833
Zhang6,Lake,Taihu Lake,Hyper,4,41.7857,0.75,NA,NA,NA,F3,4,2.123116263
Zhang6,Lake,Taihu Lake,Eutro,2.43478,13.2143,0.75,NA,NA,NA,F3,2.43478,0.971861664
Zhang6,Lake,Taihu Lake,Eutro,4.52174,18.9286,0.75,NA,NA,NA,F3,4.52174,1.331236093
Zhang6,Lake,Taihu Lake,Eutro,2.69565,11.7857,0.75,NA,NA,NA,F3,2.69565,0.85744902
Zhang6,Lake,Taihu Lake,Eutro,3.04348,13.9286,0.75,NA,NA,NA,F3,3.04348,1.024506368
Zhang6,Lake,Taihu Lake,Eutro,4.6087,9.64286,0.75,NA,NA,NA,F3,4.6087,0.656779833
Zhang6,Lake,Taihu Lake,Oligo-meso,1.73913,6.42857,0.75,NA,NA,NA,F3,1.73913,0.251314206
Zhang6,Lake,Taihu Lake,Oligo-meso,1.21739,6.07143,0.75,NA,NA,NA,F3,1.21739,0.19415625
Zhang6,Lake,Taihu Lake,Oligo-meso,5.21739,5.35714,0.75,NA,NA,NA,F3,5.21739,0.068992338
Zhang6,Lake,Taihu Lake,Oligo-meso,0.956522,6.07143,0.75,NA,NA,NA,F3,0.956522,0.19415625
Zhang6,Lake,Taihu Lake,Eutro,2.78261,10.3571,0.75,NA,NA,NA,F3,2.78261,0.728234362
Zhang6,Lake,Taihu Lake,Eutro,2.6087,10,0.75,NA,NA,NA,F3,2.6087,0.693147181
Zhang6,Lake,Taihu Lake,Eutro,2.43478,20.7143,0.75,NA,NA,NA,F3,2.43478,1.421386371
Qiu7,Lake,Shahu Lake,Eutro,1.4,7.54,0.75,NA,59,NA,T1,1.4,0.348748879
Qiu7,Lake,Shahu Lake,Eutro,1.85,18.6,0.75,NA,37,NA,T1,1.85,1.251688277
Qiu7,Lake,Shahu Lake,Eutro,1.38,8.78,0.75,NA,42,NA,T1,1.38,0.501003104
Qiu7,Lake,Shahu Lake,Oligo-meso,1.17,5.32,0.75,NA,73,NA,T1,1.17,0
Zhao8,reservoir,Hai River,Oligo-meso,1.57301,5.71605,0.75,17.32,NA,8.72,F2,1.57301,0
Zhao8,reservoir,Hai River,Oligo-meso,1.58864,40.3704,0.75,21.96,NA,6.77,F2,1.58864,1.954818836
Zhao8,reservoir,Hai River,Oligo-meso,1.6199,42.4074,0.75,26.25,NA,7.26,F2,1.6199,2.004044868
Zhao8,reservoir,Hai River,Oligo-meso,2.4064,48.0988,0.75,26.96,NA,6.04,F2,2.4064,2.129979221
Zhao8,reservoir,Hai River,Oligo-meso,2.96149,37.9383,0.75,27.86,NA,6.12,F2,2.96149,1.892683149
Zhao8,reservoir,Hai River,Oligo-meso,4.76439,36.284,0.75,25,NA,5.91,F2,4.76439,1.848098865
Zhao8,reservoir,Hai River,Oligo-meso,2.84522,31,0.75,22.32,NA,8.07,F2,2.84522,1.690709197
Zhao8,reservoir,Hai River,Oligo-meso,1.90926,23.679,0.75,18.04,NA,7.75,F2,1.90926,1.421310572
Zhao8,reservoir,Hai River,Oligo-meso,3.60656,31.3704,0.75,17.32,NA,10.46,F2,3.60656,1.702586766
Zhao8,reservoir,Hai River,Oligo-meso,3.19596,37.9383,0.75,21.96,NA,8.1,F2,3.19596,1.892683149
Zhao8,reservoir,Hai River,Oligo-meso,2.07854,63.1975,0.75,26.25,NA,9.74,F2,2.07854,2.402986736
Zhao8,reservoir,Hai River,Oligo-meso,2.17652,62.358,0.75,26.96,NA,6.8,F2,2.17652,2.389613964
Zhao8,reservoir,Hai River,Oligo-meso,3.7499,58.6914,0.75,27.86,NA,9.15,F2,3.7499,2.329015201
Zhao8,reservoir,Hai River,Oligo-meso,6.04346,43.2593,0.75,25,NA,8.68,F2,6.04346,2.023934232
Zhao8,reservoir,Hai River,Oligo-meso,6.87838,31.037,0.75,22.32,NA,7.34,F2,6.87838,1.691902034
Zhao8,reservoir,Hai River,Oligo-meso,5.8273,24.5556,0.75,18.04,NA,9.91,F2,5.8273,1.457661927
Zhao8,reservoir,Hai River,Oligo-meso,2.39192,10.2593,0.75,17.32,NA,7.38,F2,2.39192,0.584906604
Zhao8,reservoir,Hai River,Oligo-meso,1.91575,20.8025,0.75,21.96,NA,6.04,F2,1.91575,1.291795164
Zhao8,reservoir,Hai River,Oligo-meso,1.86657,39.9753,0.75,26.25,NA,8.03,F2,1.86657,1.944983756
Zhao8,reservoir,Hai River,Oligo-meso,1.79985,31.0123,0.75,26.96,NA,5.47,F2,1.79985,1.691105893
Zhao8,reservoir,Hai River,Oligo-meso,2.48685,21.6049,0.75,27.86,NA,5.46,F2,2.48685,1.329642133
Zhao8,reservoir,Hai River,Oligo-meso,2.5509,23.7037,0.75,25,NA,5.56,F2,2.5509,1.422353147
Zhao8,reservoir,Hai River,Oligo-meso,2.33626,23.284,0.75,22.32,NA,4.74,F2,2.33626,1.404488422
Zhao8,reservoir,Hai River,Oligo-meso,2.13877,22.9506,0.75,18.04,NA,5.75,F2,2.13877,1.390066073
Zheng9,Lake,Qingjing Lake,Eutro,2.99,18.46,0.75,NA,26.67,NA,T1,2.99,0.160036512
Zheng9,Lake,Qingjing Lake,Eutro,1.03,15.73,0.75,NA,31.67,NA,T1,1.03,0
Zheng9,Lake,Qingjing Lake,Hyper,3.93,54.67,0.75,NA,30,NA,T1,3.93,1.245745396
Zheng9,Lake,Qingjing Lake,Hyper,2.76,49.85,0.75,NA,32.5,NA,T1,2.76,1.153448779
Zheng9,Lake,Qingjing Lake,Hyper,5.92,39.11,0.75,NA,33,NA,T1,5.92,0.910808472
Zheng9,Lake,Qingjing Lake,Eutro,6.35,97.2,0.75,NA,28.75,NA,T1,6.35,1.821200994
Zheng9,Lake,Qingjing Lake,Hyper,6.18,127.9,0.75,NA,28,NA,T1,6.18,2.095678992
Zheng9,Lake,Qingjing Lake,Hyper,4.62,79.67,0.75,NA,32.5,NA,T1,4.62,1.622323386
Zheng9,Lake,Qingjing Lake,Hyper,3.82,115.15,0.75,NA,25,NA,T1,3.82,1.990665909
Zheng9,Lake,Qingjing Lake,Hyper,4.51,99.88,0.75,NA,21.67,NA,T1,4.51,1.848399748
Zhou10,Lake,dianchi Lake,Hyper,2.16392,55.4499,0.75,12.51,NA,NA,F3,2.16392,1.273530824
Zhou10,Lake,dianchi Lake,Hyper,2.18239,85.2556,0.75,20.15,NA,NA,F3,2.18239,1.703704717
Zhou10,Lake,dianchi Lake,Eutro,1.50949,23.2759,0.75,15.16,NA,NA,F2,1.50949,0.405469404
Zhou10,Lake,dianchi Lake,Eutro,1.99051,25,0.75,14.49,NA,NA,F2,1.99051,0.476926739
Zhou10,Lake,dianchi Lake,Eutro,1.47718,15.5172,0.75,15.03,NA,NA,F2,1.47718,0
Zhou10,Lake,dianchi Lake,Eutro,2.85205,24.1379,0.75,15.73,NA,NA,F2,2.85205,0.441834133
Zhou10,Lake,dianchi Lake,Eutro,1.85231,24.1379,0.75,15.62,NA,NA,F2,1.85231,0.441834133
Zhou10,Lake,dianchi Lake,Hyper,1.92949,40.5172,0.75,15.59,NA,NA,F2,1.92949,0.959777489
Zhou10,Lake,dianchi Lake,Hyper,2.09641,44.8276,0.75,15.38,NA,NA,F2,2.09641,1.060874935
Zhou10,Lake,dianchi Lake,Hyper,2.01385,48.2759,0.75,16.54,NA,NA,F2,2.01385,1.134983385
Zhou10,Lake,dianchi Lake,Hyper,2.43564,96.5517,0.75,16.54,NA,NA,F2,2.43564,1.82812953
Zhou10,Lake,dianchi Lake,Hyper,2.19513,82.7586,0.75,15.78,NA,NA,F2,2.19513,1.67397885
Zhou10,Lake,dianchi Lake,Hyper,2.52,66.3793,0.75,15.97,NA,NA,F2,2.52,1.453436175
Zhou10,Lake,dianchi Lake,Hyper,2.2741,62.069,0.75,16.16,NA,NA,F2,2.2741,1.386297583
Zhou10,Lake,dianchi Lake,Hyper,2.43744,68.9655,0.75,16.54,NA,NA,F2,2.43744,1.491657293
Zhou10,Lake,dianchi Lake,Hyper,2.38179,72.4138,0.75,15.59,NA,NA,F2,2.38179,1.540447803
Zhou10,Lake,dianchi Lake,Hyper,2.25974,41.3793,0.75,16.73,NA,NA,F2,2.25974,0.98083167
Zhou10,Lake,dianchi Lake,Hyper,2.67256,72.4138,0.75,16.46,NA,NA,F2,2.67256,1.540447803
Zhou10,Lake,dianchi Lake,Hyper,3.66872,57.7586,0.75,15.59,NA,NA,F2,3.66872,1.31432317
Zhou10,Lake,dianchi Lake,Hyper,3.10513,59.4828,0.75,15.27,NA,NA,F2,3.10513,1.343738109
Zhou10,Lake,dianchi Lake,Hyper,2.74615,67.2414,0.75,16.59,NA,NA,F2,2.74615,1.466340043
Zhou10,Lake,dianchi Lake,Hyper,3.22897,87.931,0.75,16.78,NA,NA,F2,3.22897,1.73460333
Zhou10,Lake,dianchi Lake,Hyper,3.44974,68.1034,0.75,15.51,NA,NA,F2,3.44974,1.479078052
Zhou10,Lake,dianchi Lake,Hyper,2.50564,81.8966,0.75,16.35,NA,NA,F2,2.50564,1.66350839
Zhou10,Lake,dianchi Lake,Hyper,2.85385,69.8276,0.75,16.05,NA,NA,F2,2.85385,1.504080261
Cai11,Lake,West Yangchen Lake,Oligo-meso,0.611111,3.94737,0.75,27.26,45.98,NA,F2 and F3,0.611111,0.14953296
Cai11,Lake,West Yangchen Lake,Oligo-meso,0.574074,3.39912,0.75,27.66,42.61,NA,F2 and F3,0.574074,0
Cai11,Lake,West Yangchen Lake,Oligo-meso,0.611111,4.27632,0.75,27.46,40.58,NA,F2 and F3,0.611111,0.229576252
Cai11,Lake,West Yangchen Lake,Oligo-meso,0.407407,3.50877,0.75,27.46,35.46,NA,F2 and F3,0.407407,0.031748974
Cai11,Lake,West Yangchen Lake,Eutro,1.07407,11.4035,0.75,27.26,38.29,NA,F2 and F3,1.07407,1.210403751
Cai11,Lake,West Yangchen Lake,Eutro,0.555556,15.6798,0.75,27.66,30.61,NA,F2 and F3,0.555556,1.528856685
Cai11,Lake,West Yangchen Lake,Eutro,1.64815,23.9035,0.75,27.45,22.25,NA,F2 and F3,1.64815,1.950508317
Cai11,Lake,West Yangchen Lake,Eutro,1.2037,23.4649,0.75,27.86,24.27,NA,F2 and F3,1.2037,1.931989113
Cai11,Lake,West Yangchen Lake,Hyper,0.907407,35.5263,0.75,27.66,20.36,NA,F2 and F3,0.907407,2.346756693
Cai11,Lake,West Yangchen Lake,Eutro,1.48148,16.886,0.75,27.85,35.6,NA,F2 and F3,1.48148,1.602968302
Cai11,Lake,West Yangchen Lake,Eutro,1.40741,15.4605,0.75,27.45,38.7,NA,F2 and F3,1.40741,1.51477181
Cai11,Lake,West Yangchen Lake,Eutro,1.64815,25.7675,0.75,27.65,20.09,NA,F2 and F3,1.64815,2.025597433
Cai11,Lake,West Yangchen Lake,Eutro,1.64815,14.5833,0.75,27.55,30.47,NA,F2 and F3,1.64815,1.456360464
Cai11,Lake,West Yangchen Lake,Eutro,1.5,8.77193,0.75,27.44,35.46,NA,F2 and F3,1.5,0.948040276
Cai11,Lake,West Yangchen Lake,Eutro,1.98148,28.9474,0.75,27.25,28.45,NA,F2 and F3,1.98148,2.141963815
Cai11,Lake,West Yangchen Lake,Eutro,3.37037,15.1316,0.75,27.64,30.47,NA,F2 and F3,3.37037,1.493268698
Cai11,Lake,West Yangchen Lake,Eutro,1.38889,12.6096,0.75,27.43,32.49,NA,F2 and F3,1.38889,1.310941854
Cai11,Lake,West Yangchen Lake,Oligo-meso,1.40741,4.38596,0.75,27.85,32.49,NA,F2 and F3,1.40741,0.254891955
Cai11,Lake,West Yangchen Lake,Eutro,1.37037,7.01754,0.75,27.64,40.72,NA,F2 and F3,1.37037,0.724896155
Cai11,Lake,West Yangchen Lake,Eutro,1.42593,14.8026,0.75,27.64,30.61,NA,F2 and F3,1.42593,1.471286266
Cai11,Lake,West Yangchen Lake,Eutro,1.16667,9.32018,0.75,27.22,25.48,NA,F2 and F3,1.16667,1.008665367
Cai11,Lake,West Yangchen Lake,Eutro,1.24074,11.0746,0.75,27.54,30.34,NA,F2 and F3,1.24074,1.181137623
Cai11,Lake,West Yangchen Lake,Eutro,1.03704,25.2193,0.75,27.33,22.25,NA,F2 and F3,1.03704,2.004093
Cai11,Lake,West Yangchen Lake,Oligo-meso,1.31481,6.0307,0.75,26.92,40.72,NA,F2 and F3,1.31481,0.573346516
Cai11,Lake,West Yangchen Lake,Eutro,1.24074,11.6228,0.75,27.43,24.4,NA,F2 and F3,1.24074,1.229452112
Cai11,Lake,West Yangchen Lake,Oligo-meso,1.53704,3.83772,0.75,27.23,26.29,NA,F2 and F3,1.53704,0.121361866
Cai11,Lake,West Yangchen Lake,Eutro,1.40741,13.0482,0.75,27.72,28.45,NA,F2 and F3,1.40741,1.345133619
Cai11,Lake,West Yangchen Lake,Eutro,1.12963,10.307,0.75,27.63,30.47,NA,F2 and F3,1.12963,1.109306701
Cai11,Lake,West Yangchen Lake,Eutro,1.40741,16.3377,0.75,27.51,30.61,NA,F2 and F3,1.40741,1.569958746
Cai11,Lake,West Yangchen Lake,Oligo-meso,1.33333,5.48246,0.75,27.41,26.43,NA,F2 and F3,1.33333,0.478037331
Cai11,Lake,West Yangchen Lake,Hyper,3.08,30.1,0.75,NA,NA,NA,T1,3.08,0.040683577
Cai11,Lake,West Yangchen Lake,Hyper,3.39,37.9,0.75,NA,NA,NA,T1,3.39,0.271109517
Cai11,Lake,West Yangchen Lake,Eutro,3.15,28.9,0.75,NA,NA,NA,T1,3.15,0
Cai11,Lake,West Yangchen Lake,Eutro,3.04,29.7,0.75,NA,NA,NA,T1,3.04,0.027305451
Cai11,Lake,West Yangchen Lake,Hyper,2.87,40.2,0.75,NA,NA,NA,T1,2.87,0.330025401
Cai11,Lake,West Yangchen Lake,Hyper,2.87,35,0.75,NA,NA,NA,T1,2.87,0.191506466
Deng12,Lake,Taihu Lake,Oligo-meso,1.23182,1.26923,0.75,NA,NA,NA,"F6,F7,F8",1.23182,0.325528346
Deng12,Lake,Taihu Lake,Oligo-meso,1.14282,1.32692,0.75,NA,NA,NA,"F6,F7,F9",1.14282,0.369978395
Deng12,Lake,Taihu Lake,Oligo-meso,1.12154,0.980769,0.75,NA,NA,NA,"F6,F7,F10",1.12154,0.067699607
Deng12,Lake,Taihu Lake,Oligo-meso,1.12603,1.38462,0.75,NA,NA,NA,"F6,F7,F11",1.12603,0.412543662
Deng12,Lake,Taihu Lake,Oligo-meso,0.985156,1.32692,0.75,NA,NA,NA,"F6,F7,F12",0.985156,0.369978395
Deng12,Lake,Taihu Lake,Oligo-meso,1.0575,1.61538,0.75,NA,NA,NA,"F6,F7,F13",1.0575,0.566688151
Deng12,Lake,Taihu Lake,Oligo-meso,1.00215,1.61538,0.75,NA,NA,NA,"F6,F7,F14",1.00215,0.566688151
Deng12,Lake,Taihu Lake,Eutro,0.989235,19.1538,0.75,NA,NA,NA,"F6,F7,F15",0.989235,3.039619057
Deng12,Lake,Taihu Lake,Eutro,1.01024,16.5,0.75,NA,NA,NA,"F6,F7,F16",1.01024,2.890478309
Deng12,Lake,Taihu Lake,Eutro,1.09958,16.5,0.75,NA,NA,NA,"F6,F7,F17",1.09958,2.890478309
Deng12,Lake,Taihu Lake,Eutro,1.12882,10.9615,0.75,NA,NA,NA,"F6,F7,F18",1.12882,2.481507062
Deng12,Lake,Taihu Lake,Eutro,1.03975,13.5577,0.75,NA,NA,NA,"F6,F7,F19",1.03975,2.69407258
Deng12,Lake,Taihu Lake,Eutro,1.22553,13.6154,0.75,NA,NA,NA,"F6,F7,F20",1.22553,2.698319433
Deng12,Lake,Taihu Lake,Eutro,1.26809,13.6154,0.75,NA,NA,NA,"F6,F7,F21",1.26809,2.698319433
Deng12,Lake,Taihu Lake,Oligo-meso,1.25106,1.44231,0.75,NA,NA,NA,"F6,F7,F22",1.25106,0.453363923
Deng12,Lake,Taihu Lake,Oligo-meso,1.40426,1.15385,0.75,NA,NA,NA,"F6,F7,F23",1.40426,0.230222105
Deng12,Lake,Taihu Lake,Oligo-meso,1.25106,1.55769,0.75,NA,NA,NA,"F6,F7,F24",1.25106,0.530321883
Deng12,Lake,Taihu Lake,Oligo-meso,1.32766,1.67308,0.75,NA,NA,NA,"F6,F7,F25",1.32766,0.601784167
Deng12,Lake,Taihu Lake,Oligo-meso,1.16596,1.67308,0.75,NA,NA,NA,"F6,F7,F26",1.16596,0.601784167
Deng12,Lake,Taihu Lake,Oligo-meso,2.64681,1.90385,0.75,NA,NA,NA,"F6,F7,F27",2.64681,0.73099608
Deng12,Lake,Taihu Lake,Oligo-meso,1.48936,1.26923,0.75,NA,NA,NA,"F6,F7,F28",1.48936,0.325528346
Deng12,Lake,Taihu Lake,Oligo-meso,1.29362,1.61538,0.75,NA,NA,NA,"F6,F7,F29",1.29362,0.566688151
Deng12,Lake,Taihu Lake,Oligo-meso,1.29362,1.55769,0.75,NA,NA,NA,"F6,F7,F30",1.29362,0.530321883
Deng12,Lake,Taihu Lake,Oligo-meso,1.3617,1.09615,0.75,NA,NA,NA,"F6,F7,F31",1.3617,0.178921969
Deng12,Lake,Taihu Lake,Oligo-meso,1.10465,1.0364,0.75,NA,NA,NA,"F6,F7,F32",1.10465,0.122871098
Deng12,Lake,Taihu Lake,Oligo-meso,1.16252,0.939847,0.75,NA,NA,NA,"F6,F7,F33",1.16252,0.025079745
Deng12,Lake,Taihu Lake,Oligo-meso,1.07577,1.0159,0.75,NA,NA,NA,"F6,F7,F34",1.07577,0.102892847
Deng12,Lake,Taihu Lake,Oligo-meso,1.0912,1.20709,0.75,NA,NA,NA,"F6,F7,F35",1.0912,0.275330432
Deng12,Lake,Taihu Lake,Oligo-meso,1.03826,1.11398,0.75,NA,NA,NA,"F6,F7,F36",1.03826,0.195057116
Deng12,Lake,Taihu Lake,Oligo-meso,1.07058,1.42088,0.75,NA,NA,NA,"F6,F7,F37",1.07058,0.438394326
Deng12,Lake,Taihu Lake,Oligo-meso,0.992494,1.7841,0.75,NA,NA,NA,"F6,F7,F38",0.992494,0.666032015
Deng12,Lake,Taihu Lake,Eutro,0.99068,16.517,0.75,NA,NA,NA,"F6,F7,F39",0.99068,2.891508082
Deng12,Lake,Taihu Lake,Eutro,1.00597,13.778,0.75,NA,NA,NA,"F6,F7,F40",1.00597,2.710191045
Deng12,Lake,Taihu Lake,Eutro,1.08075,13.7977,0.75,NA,NA,NA,"F6,F7,F41",1.08075,2.71161984
Deng12,Lake,Taihu Lake,Eutro,1.14682,13.7609,0.75,NA,NA,NA,"F6,F7,F42",1.14682,2.708949165
Deng12,Lake,Taihu Lake,Eutro,1.02619,11.1358,0.75,NA,NA,NA,"F6,F7,F43",1.02619,2.497283072
Deng12,Lake,Taihu Lake,Eutro,1.13826,10.8629,0.75,NA,NA,NA,"F6,F7,F44",1.13826,2.472471242
Deng12,Lake,Taihu Lake,Eutro,1.21943,10.9655,0.75,NA,NA,NA,"F6,F7,F45",1.21943,2.481871909
Deng12,Lake,Taihu Lake,Oligo-meso,1.20706,1.06775,0.75,NA,NA,NA,"F6,F7,F46",1.20706,0.152671559
Deng12,Lake,Taihu Lake,Oligo-meso,1.36314,1.28074,0.75,NA,NA,NA,"F6,F7,F47",1.36314,0.334555964
Deng12,Lake,Taihu Lake,Oligo-meso,1.18886,1.15105,0.75,NA,NA,NA,"F6,F7,F48",1.18886,0.227792497
Deng12,Lake,Taihu Lake,Oligo-meso,1.25246,1.25183,0.75,NA,NA,NA,"F6,F7,F49",1.25246,0.311724409
Deng12,Lake,Taihu Lake,Oligo-meso,1.07754,1.81313,0.75,NA,NA,NA,"F6,F7,F50",1.07754,0.682172562
Deng12,Lake,Taihu Lake,Oligo-meso,2.28945,1.51032,0.75,NA,NA,NA,"F6,F7,F51",2.28945,0.499439477
Deng12,Lake,Taihu Lake,Oligo-meso,1.28141,0.916569,0.75,NA,NA,NA,"F6,F7,F52",1.28141,0
Deng12,Lake,Taihu Lake,Oligo-meso,1.30151,1.18766,0.75,NA,NA,NA,"F6,F7,F53",1.30151,0.259102913
Deng12,Lake,Taihu Lake,Oligo-meso,1.30622,1.17535,0.75,NA,NA,NA,"F6,F7,F54",1.30622,0.248683904
Deng12,Lake,Taihu Lake,Oligo-meso,1.25836,1.09976,0.75,NA,NA,NA,"F6,F7,F55",1.25836,0.182209902
Deng12,Lake,Taihu Lake,Oligo-meso,1.11849,1.09615,0.75,NA,NA,NA,"F6,F7,F56",1.11849,0.178921969
Deng12,Lake,Taihu Lake,Oligo-meso,1.18492,1.03846,0.75,NA,NA,NA,"F6,F7,F57",1.18492,0.124856775
Deng12,Lake,Taihu Lake,Oligo-meso,1.07336,1.03846,0.75,NA,NA,NA,"F6,F7,F58",1.07336,0.124856775
Deng12,Lake,Taihu Lake,Oligo-meso,1.08896,1.15385,0.75,NA,NA,NA,"F6,F7,F59",1.08896,0.230222105
Deng12,Lake,Taihu Lake,Oligo-meso,1.03654,1.15385,0.75,NA,NA,NA,"F6,F7,F60",1.03654,0.230222105
Deng12,Lake,Taihu Lake,Oligo-meso,1.06901,1.32692,0.75,NA,NA,NA,"F6,F7,F61",1.06901,0.369978395
Deng12,Lake,Taihu Lake,Oligo-meso,0.99991,1.38462,0.75,NA,NA,NA,"F6,F7,F62",0.99991,0.412543662
Deng12,Lake,Taihu Lake,Eutro,0.989911,16.5577,0.75,NA,NA,NA,"F6,F7,F63",0.989911,2.893969179
Deng12,Lake,Taihu Lake,Eutro,0.946081,13.7308,0.75,NA,NA,NA,"F6,F7,F64",0.946081,2.706759413
Deng12,Lake,Taihu Lake,Eutro,1.07179,13.7308,0.75,NA,NA,NA,"F6,F7,F65",1.07179,2.706759413
Deng12,Lake,Taihu Lake,Eutro,1.10418,13.7308,0.75,NA,NA,NA,"F6,F7,F66",1.10418,2.706759413
Deng12,Lake,Taihu Lake,Eutro,1.08587,10.9615,0.75,NA,NA,NA,"F6,F7,F67",1.08587,2.481507062
Deng12,Lake,Taihu Lake,Eutro,1.12969,10.9195,0.75,NA,NA,NA,"F6,F7,F68",1.12969,2.47766811
Deng12,Lake,Taihu Lake,Eutro,1.20186,10.9195,0.75,NA,NA,NA,"F6,F7,F69",1.20186,2.47766811
Deng12,Lake,Taihu Lake,Oligo-meso,1.19747,1.2069,0.75,NA,NA,NA,"F6,F7,F70",1.19747,0.275173017
Deng12,Lake,Taihu Lake,Oligo-meso,1.34017,1.43678,0.75,NA,NA,NA,"F6,F7,F71",1.34017,0.449522427
Deng12,Lake,Taihu Lake,Oligo-meso,1.18201,1.43678,0.75,NA,NA,NA,"F6,F7,F72",1.18201,0.449522427
Deng12,Lake,Taihu Lake,Oligo-meso,1.26355,1.32184,0.75,NA,NA,NA,"F6,F7,F73",1.26355,0.366142633
Deng12,Lake,Taihu Lake,Oligo-meso,1.01241,1.83908,0.75,NA,NA,NA,"F6,F7,F74",1.01241,0.696383375
Deng12,Lake,Taihu Lake,Oligo-meso,2.56358,1.6092,0.75,NA,NA,NA,"F6,F7,F75",2.56358,0.562855089
Deng12,Lake,Taihu Lake,Oligo-meso,1.38053,1.14943,0.75,NA,NA,NA,"F6,F7,F76",1.38053,0.226384095
Deng12,Lake,Taihu Lake,Oligo-meso,1.30108,1.37931,0.75,NA,NA,NA,"F6,F7,F77",1.30108,0.408701302
Deng12,Lake,Taihu Lake,Oligo-meso,1.2961,1.43678,0.75,NA,NA,NA,"F6,F7,F78",1.2961,0.449522427
Deng12,Lake,Taihu Lake,Oligo-meso,1.30175,1.32184,0.75,NA,NA,NA,"F6,F7,F79",1.30175,0.366142633
Dong13,Lake,Dongping Lake,Eutro,2.76,29.9,0.75,NA,35,NA,T2,2.76,0.716836952
Dong13,Lake,Dongping Lake,Hyper,2.28,41.1,0.75,NA,45,NA,T2,2.28,1.034986593
Dong13,Lake,Dongping Lake,Eutro,4.02,28.1,0.75,NA,63,NA,T2,4.02,0.654748048
Dong13,Lake,Dongping Lake,Hyper,3.82,56.5,0.75,NA,34,NA,T2,3.82,1.353219109
Dong13,Lake,Dongping Lake,Hyper,3.79,32.3,0.75,NA,44,NA,T2,3.79,0.794045702
Dong13,Lake,Dongping Lake,Eutro,4.52,17.4,0.75,NA,54,NA,T2,4.52,0.175448678
Dong13,Lake,Dongping Lake,Eutro,2.39,22,0.75,NA,48,NA,T2,2.39,0.410020925
Dong13,Lake,Dongping Lake,Eutro,2.12,16.4,0.75,NA,48,NA,T2,2.12,0.116259806
Dong13,Lake,Dongping Lake,Eutro,2.3,14.6,0.75,NA,65,NA,T2,2.3,0
Dong13,Lake,Dongping Lake,Hyper,2.33,40.5,0.75,NA,47,NA,T2,2.33,1.020280445
Dong13,Lake,Dongping Lake,Eutro,1.69,26.3,0.75,NA,48,NA,T2,1.69,0.58854741
Dong13,Lake,Dongping Lake,Eutro,2.85,22.7,0.75,NA,51,NA,T2,2.85,0.441343396
Dong13,Lake,Dongping Lake,Hyper,2.99,65.8,0.75,NA,44,NA,T2,2.99,1.50559831
Dong13,Lake,Dongping Lake,Hyper,2.62,39.5,0.75,NA,53,NA,T2,2.62,0.995279143
Dong13,Lake,Dongping Lake,Hyper,2.83,44.2,0.75,NA,67,NA,T2,2.83,1.10770326
Dong14,Lake,Yungui plateau lake,Eutro,0.333333,7.27273,0.75,15.99,136,NA,F2,0.333333,0
Dong14,Lake,Yungui plateau lake,Eutro,0.625,11.5152,0.75,15.72,148,NA,F2,0.625,0.459536165
Dong14,Lake,Yungui plateau lake,Eutro,0.625,16.9697,0.75,15.76,90,NA,F2,0.625,0.847297664
Dong14,Lake,Yungui plateau lake,Hyper,0.916667,49.697,0.75,15.84,79,NA,F2,0.916667,1.921812832
Dong14,Lake,Yungui plateau lake,Hyper,1.0625,64.8485,0.75,15.38,87,NA,F2,1.0625,2.187922043
Dong14,Lake,Yungui plateau lake,Hyper,0.854167,47.8788,0.75,15.91,65,NA,F2,0.854167,1.884541081
Dong14,Lake,Yungui plateau lake,Hyper,1.52083,48.4848,0.75,15.76,80,NA,F2,1.52083,1.89711861
Dong14,Lake,Yungui plateau lake,Hyper,1.64583,45.4545,0.75,15.95,89,NA,F2,1.64583,1.832580089
Dong14,Lake,Yungui plateau lake,Hyper,2,35.1515,0.75,15.34,96,NA,F2,2,1.575535555
Dong14,Lake,Yungui plateau lake,Eutro,2.20833,25.4545,0.75,16.71,104,NA,F2,2.20833,1.252760808
Dong14,Lake,Yungui plateau lake,Hyper,2.02083,55.1515,0.75,16.37,73,NA,F2,2.02083,2.025952207
Dong14,Lake,Yungui plateau lake,Hyper,2.25,63.6364,0.75,16.86,63,NA,F2,2.25,2.169053897
Dong14,Lake,Yungui plateau lake,Eutro,2.86,29.22,0.75,NA,84.85,NA,F2,2.86,2.555073575
Dong14,Lake,Yungui plateau lake,Hyper,2.84,30.69,0.75,NA,61.94,NA,F2,2.84,2.604157037
Dong14,Lake,Yungui plateau lake,Oligo-meso,2.09,3.96,0.75,NA,49.71,NA,F2,2.09,0.556464194
Dong14,Lake,Yungui plateau lake,Eutro,2.48,8.02,0.75,NA,66.8,NA,F2,2.48,1.26215859
Dong14,Lake,Yungui plateau lake,Eutro,2.08,15.46,0.75,NA,84.85,NA,F2,2.08,1.918476212
Dong14,Lake,Yungui plateau lake,Hyper,3.32,43.81,0.75,NA,50.21,NA,F2,3.32,2.96008227
Dong14,Lake,Yungui plateau lake,Hyper,3.11,34.13,0.75,NA,78.19,NA,F2,3.11,2.710396931
Dong14,Lake,Yungui plateau lake,Eutro,2.95,18.6,0.75,NA,40.65,NA,F2,2.95,2.103381749
Dong14,Lake,Yungui plateau lake,Oligo-meso,2.86,2.27,0.75,NA,40.15,NA,F2,2.86,0
Dong14,Lake,Yungui plateau lake,Eutro,3.71,29.99,0.75,NA,42.59,NA,F2,3.71,2.581084161
Dong14,Lake,Yungui plateau lake,Eutro,3.22,20.88,0.75,NA,37.21,NA,F2,3.22,2.219011932
Dong14,Lake,Yungui plateau lake,Hyper,3.82,71.61,0.75,NA,35.76,NA,F2,3.82,3.451454898
Du15,Lake,Taihu Lake,Eutro,1.19,22.52,0.75,NA,47,NA,T1,1.19,1.145893822
Du15,Lake,Taihu Lake,Hyper,4.17,147.86,0.75,NA,26,NA,T1,4.17,3.027755899
Du15,Lake,Taihu Lake,Hyper,2.72,111.58,0.75,NA,27,NA,T1,2.72,2.746231841
Du15,Lake,Taihu Lake,Hyper,2.1,72.9,0.75,NA,33,NA,T1,2.1,2.320578658
Du15,Lake,Taihu Lake,Eutro,1.01,7.16,0.75,NA,103,NA,T1,1.01,0
Du15,Lake,Taihu Lake,Eutro,1.11,17.47,0.75,NA,71,NA,T1,1.11,0.891975143
Du15,Lake,Taihu Lake,Eutro,1.32,23.87,0.75,NA,51,NA,T1,1.32,1.204112459
Lie16,ocean,Tolo Harbour,Eutro,3.680714286,9.63,0.75,23.06,183,NA,T1,3.680714286,1.123850221
Lie16,ocean,Tolo Harbour,Eutro,3.47,9.82,0.75,22.88,182,NA,T1,3.47,1.143388118
Lie16,ocean,Tolo Harbour,Oligo-meso,2.956428571,6.25,0.75,22.55,223,NA,T1,2.956428571,0.691548459
Lie16,ocean,Tolo Harbour,Oligo-meso,2.507142857,3.38,0.75,22.2,349,NA,T1,2.507142857,0.076842705
Lie16,ocean,Tolo Harbour,Eutro,3.153571429,7.27,0.75,22.67,235,NA,T1,3.153571429,0.842723287
Lie16,ocean,Tolo Harbour,Eutro,2.005714286,9.33,0.75,23.93,196,NA,T1,2.005714286,1.09220201
Lie16,ocean,Tolo Harbour,Eutro,1.855714286,7.58,0.75,23.68,210,NA,T1,1.855714286,0.884480195
Lie16,ocean,Tolo Harbour,Oligo-meso,1.589285714,5.2,0.75,23.36,259,NA,T1,1.589285714,0.507625621
Lie16,ocean,Tolo Harbour,Oligo-meso,1.36,3.13,0.75,22.92,341,NA,T1,1.36,0
Lie16,ocean,Tolo Harbour,Oligo-meso,1.702857143,6.31,0.75,23.47,251,NA,T1,1.702857143,0.701102672
Lie16,ocean,Tolo Harbour,Eutro,2.88,9.49,0.75,23.47,189,NA,T1,2.88,1.109205608
Lie16,ocean,Tolo Harbour,Eutro,2.697857143,8.75,0.75,23.26,189,NA,T1,2.697857143,1.028020696
Lie16,ocean,Tolo Harbour,Oligo-meso,2.302142857,5.75,0.75,22.93,240,NA,T1,2.302142857,0.60816685
Lie16,ocean,Tolo Harbour,Oligo-meso,1.958571429,3.26,0.75,22.55,345,NA,T1,1.958571429,0.040694191
Lie16,ocean,Tolo Harbour,Oligo-meso,2.46,6.81,0.75,23.06,243,NA,T1,2.46,0.777359116
Lie16,ocean,Tolo Harbour,Eutro,1.17241,18.022,0.75,NA,NA,NA,F3,1.17241,0
Lie16,ocean,Tolo Harbour,Eutro,2.37931,22.8571,0.75,NA,NA,NA,F3,2.37931,0.237668557
Lie16,ocean,Tolo Harbour,Eutro,2.44828,21.0989,0.75,NA,NA,NA,F3,2.44828,0.157627673
Lie16,ocean,Tolo Harbour,Eutro,2.51724,22.6374,0.75,NA,NA,NA,F3,2.51724,0.228010172
Lie16,ocean,Tolo Harbour,Eutro,3.01149,28.3516,0.75,NA,NA,NA,F3,3.01149,0.453090232
Lie16,ocean,Tolo Harbour,Hyper,3.57471,51.6484,0.75,NA,NA,NA,F3,3.57471,1.052865984
Lie16,ocean,Tolo Harbour,Hyper,2.91954,52.5275,0.75,NA,NA,NA,F3,2.91954,1.069743608
Lie16,ocean,Tolo Harbour,Eutro,2.71264,25.2747,0.75,NA,NA,NA,F3,2.71264,0.338210662
Lie16,ocean,Tolo Harbour,Eutro,2.47126,18.4615,0.75,NA,NA,NA,F3,2.47126,0.024094249
He17,Lake,Yangchenghu Lake,Eutro,1.1,9.98,0.75,NA,81,5.81,T1,1.1,0.835015548
He17,Lake,Yangchenghu Lake,Eutro,1.14,11.7,0.75,NA,80,6.75,T1,1.14,0.9940213
He17,Lake,Yangchenghu Lake,Oligo-meso,1.8,6.88,0.75,NA,86,8.18,T1,1.8,0.46305111
He17,Lake,Yangchenghu Lake,Eutro,1.47,9.64,0.75,NA,43,4.03,T1,1.47,0.800353567
He17,Lake,Yangchenghu Lake,Eutro,1.54,10.21,0.75,NA,48,4.95,T1,1.54,0.85780009
He17,Lake,Yangchenghu Lake,Eutro,2.54,7.48,0.75,NA,53,5.43,T1,2.54,0.54666525
He17,Lake,Yangchenghu Lake,Oligo-meso,1.35,5.92,0.75,NA,37,4.72,T1,1.35,0.312768907
He17,Lake,Yangchenghu Lake,Oligo-meso,1.76,4.89,0.75,NA,35,5.17,T1,1.76,0.121624761
He17,Lake,Yangchenghu Lake,Oligo-meso,3.55,4.33,0.75,NA,43,5.76,T1,3.55,0
He17,Lake,Yangchenghu Lake,Hyper,8.1374,60,0.75,17.07,NA,5.19,"F2,SF1",8.1374,0.405465108
He17,Lake,Yangchenghu Lake,Hyper,8.09994,60,0.75,17.28,NA,5.29,"F2,SF1",8.09994,0.405465108
He17,Lake,Yangchenghu Lake,Hyper,9.26312,70,0.75,17.52,NA,6.75,"F2,SF1",9.26312,0.559615788
He17,Lake,Yangchenghu Lake,Hyper,13.8493,80,0.75,17.56,NA,3.56,"F2,SF1",13.8493,0.693147181
He17,Lake,Yangchenghu Lake,Hyper,11.5903,70,0.75,17.69,NA,5.13,"F2,SF1",11.5903,0.559615788
He17,Lake,Yangchenghu Lake,Hyper,12.0865,80,0.75,17.76,NA,4.94,"F2,SF1",12.0865,0.693147181
He17,Lake,Yangchenghu Lake,Hyper,13.0708,100,0.75,17.72,NA,4.37,"F2,SF1",13.0708,0.916290732
He17,Lake,Yangchenghu Lake,Hyper,13.4784,100,0.75,17.8,NA,4.27,"F2,SF1",13.4784,0.916290732
He17,Lake,Yangchenghu Lake,Hyper,14.5974,60,0.75,18,NA,3.7,"F2,SF1",14.5974,0.405465108
He17,Lake,Yangchenghu Lake,Hyper,14.8719,80,0.75,18.04,NA,5.39,"F2,SF1",14.8719,0.693147181
He17,Lake,Yangchenghu Lake,Hyper,15.5006,90,0.75,18.04,NA,6.06,"F2,SF1",15.5006,0.810930216
He17,Lake,Yangchenghu Lake,Hyper,16.6635,90,0.75,18.09,NA,5.29,"F2,SF1",16.6635,0.810930216
He17,Lake,Yangchenghu Lake,Hyper,11.6485,40,0.75,18.06,NA,5.44,"F2,SF1",11.6485,0
He17,Lake,Yangchenghu Lake,Hyper,9.96813,70,0.75,18.15,NA,6.37,"F2,SF1",9.96813,0.559615788
He17,Lake,Yangchenghu Lake,Hyper,10.8191,110,0.75,18.44,NA,5.8,"F2,SF1",10.8191,1.011600912
He17,Lake,Yangchenghu Lake,Hyper,10.0263,110,0.75,18.63,NA,6.1,"F2,SF1",10.0263,1.011600912
He17,Lake,Yangchenghu Lake,Hyper,8.43315,70,0.75,18.7,NA,5.18,"F2,SF1",8.43315,0.559615788
He17,Lake,Yangchenghu Lake,Hyper,8.57544,90,0.75,20.39,NA,5.45,"F2,SF1",8.57544,0.810930216
He17,Lake,Yangchenghu Lake,Hyper,9.38221,61,0.75,17.1,NA,6.3,"F2,SF1",9.38221,0.42199441
Zhao18,Lake,Dianchi Lake,Oligo-meso,6.44898,2.50056,0.75,11.18,NA,NA,"F3,F4,,F6",6.44898,0.686999498
Zhao18,Lake,Dianchi Lake,Oligo-meso,4.53061,5.38205,0.75,2.14,NA,NA,"F3,F4,,F6",4.53061,1.453554133
Zhao18,Lake,Dianchi Lake,Oligo-meso,1.67347,2.14668,0.75,0.5,NA,NA,"F3,F4,,F6",1.67347,0.534407253
Zhao18,Lake,Dianchi Lake,Oligo-meso,4.32653,2.46342,0.75,5.34,NA,NA,"F3,F4,,F6",4.32653,0.672035419
Zhao18,Lake,Dianchi Lake,Eutro,0.142857,18.6516,0.75,11.98,NA,NA,"F3,F4,,F6",0.142857,2.696416724
Zhao18,Lake,Dianchi Lake,Eutro,3.22449,21.7707,0.75,19.39,NA,NA,"F3,F4,,F6",3.22449,2.85104982
Zhao18,Lake,Dianchi Lake,Eutro,5.02041,22.5884,0.75,25.8,NA,NA,"F3,F4,,F6",5.02041,2.887921291
Zhao18,Lake,Dianchi Lake,Eutro,3.65306,26.1466,0.75,26.99,NA,NA,"F3,F4,,F6",3.65306,3.034203954
Zhao18,Lake,Dianchi Lake,Oligo-meso,3.2449,2.36882,0.75,11.18,NA,NA,"F3,F4,,F6",3.2449,0.632876732
Zhao18,Lake,Dianchi Lake,Oligo-meso,1.55102,1.25799,0.75,2.14,NA,NA,"F3,F4,,F6",1.55102,0
Zhao18,Lake,Dianchi Lake,Oligo-meso,3.83673,4.04151,0.75,0.5,NA,NA,"F3,F4,,F6",3.83673,1.167103175
Zhao18,Lake,Dianchi Lake,Eutro,1.87755,9.69153,0.75,5.34,NA,NA,"F3,F4,,F6",1.87755,2.041737099
Zhao18,Lake,Dianchi Lake,Eutro,0.326531,16.186,0.75,11.98,NA,NA,"F3,F4,,F6",0.326531,2.554631462
Zhao18,Lake,Dianchi Lake,Eutro,0.755102,19.2442,0.75,19.39,NA,NA,"F3,F4,,F6",0.755102,2.727694508
Zhao18,Lake,Dianchi Lake,Eutro,1.67347,16.8138,0.75,25.8,NA,NA,"F3,F4,,F6",1.67347,2.592684769
Zhao18,Lake,Dianchi Lake,Eutro,0.795918,18.109,0.75,26.99,NA,NA,"F3,F4,,F6",0.795918,2.666893843
Zhao18,Lake,Dianchi Lake,Oligo-meso,3.2449,1.86106,0.75,11.18,NA,NA,"F3,F4,,F6",3.2449,0.391631009
Zhao18,Lake,Dianchi Lake,Oligo-meso,1.61224,5.71981,0.75,2.14,NA,NA,"F3,F4,,F6",1.61224,1.514420379
Zhao18,Lake,Dianchi Lake,Oligo-meso,9.36735,2.55648,0.75,0.5,NA,NA,"F3,F4,,F6",9.36735,0.709116103
Zhao18,Lake,Dianchi Lake,Eutro,2.04082,8.37762,0.75,5.34,NA,NA,"F3,F4,,F6",2.04082,1.896048655
Zhao18,Lake,Dianchi Lake,Eutro,1.91837,13.3825,0.75,11.98,NA,NA,"F3,F4,,F6",1.91837,2.364432674
Zhao18,Lake,Dianchi Lake,Eutro,0.836735,12.7198,0.75,19.39,NA,NA,"F3,F4,,F6",0.836735,2.313644625
Zhao18,Lake,Dianchi Lake,Eutro,0.938776,20.1273,0.75,25.8,NA,NA,"F3,F4,,F6",0.938776,2.772561893
Zhao18,Lake,Dianchi Lake,Eutro,0.959184,21.9268,0.75,26.99,NA,NA,"F3,F4,,F6",0.959184,2.858194424
Zheng19,Reservoir,Quyang reservoir,Hyper,0.41,33.3,0.75,NA,50,6.2,"T1,T2",0.41,2.165306974
Zheng19,Reservoir,Quyang reservoir,Eutro,0.29,10.9,0.75,NA,85,7,"T1,T2",0.29,1.048512367
Zheng19,Reservoir,Quyang reservoir,Eutro,0.73,16.9,0.75,NA,70,7.9,"T1,T2",0.73,1.487063199
Zheng19,Reservoir,Quyang reservoir,Eutro,0.35,8.74,0.75,NA,90,6.8,"T1,T2",0.35,0.827659767
Zheng19,Reservoir,Quyang reservoir,Oligo-meso,0.26,3.82,0.75,NA,80,7.4,"T1,T2",0.26,0
Zheng19,Reservoir,Quyang reservoir,Eutro,0.37,12,0.75,NA,65,6.8,"T1,T2",0.37,1.144656227
Zheng19,Reservoir,Quyang reservoir,Eutro,0.4,14.28,0.75,NA,73,7,"T1,T2",0.4,1.318609534
Zheng19,Reservoir,Quyang reservoir,Hyper,0.72,105,0.75,24.4,NA,10.9,T1,0.72,2.096733039
Zheng19,Reservoir,Quyang reservoir,Hyper,2.06,327,0.75,23.4,NA,8.8,T1,2.06,3.23273286
Zheng19,Reservoir,Quyang reservoir,Eutro,0.38,28.4,0.75,23.5,NA,8.7,T1,0.38,0.789161834
Zheng19,Reservoir,Quyang reservoir,Eutro,0.21,13.3,0.75,22.5,NA,8.37,T1,0.21,0.030536724
Zheng19,Reservoir,Quyang reservoir,Eutro,0.25,12.9,0.75,23.5,NA,8.24,T1,0.25,0
Zheng19,Reservoir,Quyang reservoir,Hyper,0.77,106,0.75,23.8,NA,8.7,T1,0.77,2.106211783
Guo20,Reservoir,Yangtze reservoir,Eutro,0.516865,13.0446,0.75,23.65,150,NA,F2,0.516865,1.256186712
Guo20,Reservoir,Yangtze reservoir,Eutro,0.645833,12.9777,0.75,19.63,182.61,NA,F2,0.645833,1.251044957
Guo20,Reservoir,Yangtze reservoir,Eutro,0.477183,12.7232,0.75,16.02,210.87,NA,F2,0.477183,1.231239556
Guo20,Reservoir,Yangtze reservoir,Eutro,0.731151,9.96429,0.75,13.37,217.39,NA,F2,0.731151,0.986820159
Guo20,Reservoir,Yangtze reservoir,Eutro,1.36409,7.94196,0.75,10.89,284.78,NA,F2,1.36409,0.759972553
Guo20,Reservoir,Yangtze reservoir,Oligo-meso,1.13889,5.00446,0.75,12.43,267.39,NA,F2,1.13889,0.298141972
Guo20,Reservoir,Yangtze reservoir,Oligo-meso,0.571429,3.87946,0.75,13.82,241.3,NA,F2,0.571429,0.043508426
Guo20,Reservoir,Yangtze reservoir,Eutro,0.649802,7.1875,0.75,17.22,343.48,NA,F2,0.649802,0.660155863
Guo20,Reservoir,Yangtze reservoir,Eutro,0.801587,10.3393,0.75,21.1,239.13,NA,F2,0.801587,1.023764626
Guo20,Reservoir,Yangtze reservoir,Eutro,0.930556,20.817,0.75,23.78,295.65,NA,F2,0.930556,1.723582418
Guo20,Reservoir,Yangtze reservoir,Eutro,1.04563,15.2054,0.75,23.39,173.91,NA,F2,1.04563,1.409463085
Guo20,Reservoir,Yangtze reservoir,Eutro,0.998016,15.8929,0.75,23.49,115.22,NA,F2,0.998016,1.453684926
Guo20,Reservoir,Yangtze reservoir,Eutro,0.534722,12.2545,0.75,18.91,147.83,NA,F2,0.534722,1.193705674
Guo20,Reservoir,Yangtze reservoir,Eutro,0.665675,10.2277,0.75,15.7,180.44,NA,F2,0.665675,1.012912183
Guo20,Reservoir,Yangtze reservoir,Eutro,0.549603,11.3929,0.75,13.21,210.87,NA,F2,0.549603,1.120802812
Guo20,Reservoir,Yangtze reservoir,Eutro,0.839286,7.58036,0.75,11.61,221.74,NA,F2,0.839286,0.713373149
Guo20,Reservoir,Yangtze reservoir,Oligo-meso,1.09722,5.19643,0.75,12.35,278.26,NA,F2,1.09722,0.335784309
Guo20,Reservoir,Yangtze reservoir,Oligo-meso,2.29762,3.71429,0.75,13.98,263.04,NA,F2,2.29762,0
Guo20,Reservoir,Yangtze reservoir,Oligo-meso,0.699405,6.83929,0.75,17.54,282.61,NA,F2,0.699405,0.610496382
Guo20,Reservoir,Yangtze reservoir,Eutro,0.882937,10.1652,0.75,21.26,315.22,NA,F2,0.882937,1.006782579
Guo20,Reservoir,Yangtze reservoir,Eutro,0.835317,23.6563,0.75,23.78,241.3,NA,F2,0.835317,1.851441921
Guo20,Reservoir,Yangtze reservoir,Eutro,0.787698,16.8125,0.75,23.47,302.17,NA,F2,0.787698,1.509935115
Guo20,Reservoir,Yangtze reservoir,Eutro,1.06349,12.9777,0.75,23.78,173.91,NA,F2,1.06349,1.251044957
Guo20,Reservoir,Yangtze reservoir,Eutro,0.837302,15.8929,0.75,23.47,115.22,NA,F2,0.837302,1.453684926
Zhang21,Lake,Taihu Lake,Hyper,11.87,68,0.75,NA,34,NA,T2,11.87,1.654558348
Zhang21,Lake,Taihu Lake,Hyper,10.52,65,0.75,NA,38,NA,T2,10.52,1.609437912
Zhang21,Lake,Taihu Lake,Hyper,10.13,61,0.75,NA,35,NA,T2,10.13,1.545924507
Zhang21,Lake,Taihu Lake,Hyper,8.96,57,0.75,NA,47,NA,T2,8.96,1.47810191
Zhang21,Lake,Taihu Lake,Hyper,7.48,52,0.75,NA,52,NA,T2,7.48,1.386294361
Zhang21,Lake,Taihu Lake,Hyper,7.13,41,0.75,NA,58,NA,T2,7.13,1.148622709
Zhang21,Lake,Taihu Lake,Hyper,6.9,26,0.75,NA,51,NA,T2,6.9,0.693147181
Zhang21,Lake,Taihu Lake,Hyper,4.67,37,0.75,NA,65,NA,T2,4.67,1.045968555
Zhang21,Lake,Taihu Lake,Eutro,3.91,26,0.75,NA,76,NA,T2,3.91,0.693147181
Zhang21,Lake,Taihu Lake,Eutro,3.43,21,0.75,NA,51,NA,T2,3.43,0.47957308
Zhang21,Lake,Taihu Lake,Eutro,3.21,17,0.75,NA,74,NA,T2,3.21,0.268263987
Zhang21,Lake,Taihu Lake,Eutro,2.98,26,0.75,NA,69,NA,T2,2.98,0.693147181
Zhang21,Lake,Taihu Lake,Eutro,2.31,26,0.75,NA,98,NA,T2,2.31,0.693147181
Zhang21,Lake,Taihu Lake,Eutro,2.3,20,0.75,NA,93,NA,T2,2.3,0.430782916
Zhang21,Lake,Taihu Lake,Eutro,2.17,17,0.75,NA,120,NA,T2,2.17,0.268263987
Zhang21,Lake,Taihu Lake,Eutro,2.14,19,0.75,NA,135,NA,T2,2.14,0.379489622
Zhang21,Lake,Taihu Lake,Hyper,4.17,71,0.75,NA,65,NA,T2,4.17,1.69773052
Zhang21,Lake,Taihu Lake,Hyper,4.35,67,0.75,NA,68,NA,T2,4.35,1.639743262
Zhang21,Lake,Taihu Lake,Hyper,4.26,69,0.75,NA,62,NA,T2,4.26,1.669157147
Zhang21,Lake,Taihu Lake,Hyper,3.54,62,0.75,NA,61,NA,T2,3.54,1.562185028
Zhang21,Lake,Taihu Lake,Hyper,3.16,65,0.75,NA,67,NA,T2,3.16,1.609437912
Zhang21,Lake,Taihu Lake,Hyper,2.38,58,0.75,NA,69,NA,T2,2.38,1.495493653
Zhang21,Lake,Taihu Lake,Hyper,2.6,52,0.75,NA,76,NA,T2,2.6,1.386294361
Zhang21,Lake,Taihu Lake,Hyper,2.47,60,0.75,NA,81,NA,T2,2.47,1.529395205
Zhang21,Lake,Taihu Lake,Hyper,2.07,50,0.75,NA,94,NA,T2,2.07,1.347073648
Zhang21,Lake,Taihu Lake,Hyper,1.73,40,0.75,NA,72,NA,T2,1.73,1.123930097
Zhang21,Lake,Taihu Lake,Hyper,1.81,42,0.75,NA,85,NA,T2,1.81,1.172720261
Zhang21,Lake,Taihu Lake,Hyper,1.76,34,0.75,NA,108,NA,T2,1.76,0.961411167
Zhang21,Lake,Taihu Lake,Hyper,1.53,32,0.75,NA,131,NA,T2,1.53,0.900786545
Zhang21,Lake,Taihu Lake,Eutro,1.58,24,0.75,NA,139,NA,T2,1.58,0.613104473
Zhang21,Lake,Taihu Lake,Eutro,1.56,18,0.75,NA,152,NA,T2,1.56,0.3254224
Zhang21,Lake,Taihu Lake,Eutro,1.53,13,0.75,NA,158,NA,T2,1.53,0
Zhang21,Lake,Taihu Lake,Hyper,6.31,82,0.75,NA,72,NA,T2,6.31,1.84176989
Zhang21,Lake,Taihu Lake,Hyper,6.35,71,0.75,NA,68,NA,T2,6.35,1.69773052
Zhang21,Lake,Taihu Lake,Hyper,6.27,53,0.75,NA,65,NA,T2,6.27,1.405342556
Zhang21,Lake,Taihu Lake,Hyper,3.92,56,0.75,NA,65,NA,T2,3.92,1.460402333
Zhang21,Lake,Taihu Lake,Hyper,3.52,57,0.75,NA,71,NA,T2,3.52,1.47810191
Zhang21,Lake,Taihu Lake,Hyper,2.81,51,0.75,NA,69,NA,T2,2.81,1.366876275
Zhang21,Lake,Taihu Lake,Hyper,2.62,50,0.75,NA,81,NA,T2,2.62,1.347073648
Zhang21,Lake,Taihu Lake,Hyper,2.59,54,0.75,NA,80,NA,T2,2.59,1.424034689
Zhang21,Lake,Taihu Lake,Hyper,2.35,46,0.75,NA,95,NA,T2,2.35,1.263692039
Zhang21,Lake,Taihu Lake,Hyper,2.31,43,0.75,NA,86,NA,T2,2.31,1.196250758
Zhang21,Lake,Taihu Lake,Hyper,2.31,35,0.75,NA,80,NA,T2,2.31,0.990398704
Zhang21,Lake,Taihu Lake,Hyper,2.28,36,0.75,NA,94,NA,T2,2.28,1.018569581
Zhang21,Lake,Taihu Lake,Hyper,2.32,31,0.75,NA,125,NA,T2,2.32,0.869037847
Zhang21,Lake,Taihu Lake,Eutro,2.19,20,0.75,NA,130,NA,T2,2.19,0.430782916
Zhang21,Lake,Taihu Lake,Eutro,2.16,17,0.75,NA,130,NA,T2,2.16,0.268263987
Zhang21,Lake,Taihu Lake,Eutro,2.17,17,0.75,NA,158,NA,T2,2.17,0.268263987
Fang22,Lake,Poyang Lake,Hyper,2.14,56.04,0.75,NA,20,NA,T1,2.14,2.396825182
Fang22,Lake,Poyang Lake,Hyper,3.51,56.05,0.75,NA,65,NA,T1,3.51,2.39700361
Fang22,Lake,Poyang Lake,Hyper,1.9,55.84,0.75,NA,30,NA,T1,1.9,2.393249919
Fang22,Lake,Poyang Lake,Hyper,2.13,56.05,0.75,NA,30,NA,T1,2.13,2.39700361
Fang22,Lake,Poyang Lake,Eutro,2.04,22,0.75,NA,15,NA,T1,2.04,1.461801914
Fang22,Lake,Poyang Lake,Oligo-meso,2.72,5.1,0.75,NA,15,NA,T1,2.72,0
Fang22,Lake,Poyang Lake,Eutro,2.2,9.9,0.75,NA,13,NA,T1,2.2,0.663294217
Fang22,Lake,Poyang Lake,Eutro,2.25,11.5,0.75,NA,13,NA,T1,2.25,0.813106496
Fang22,Lake,Poyang Lake,Hyper,1.78,55.96,0.75,NA,14,NA,T1,1.78,2.39539661
Fang22,Lake,Poyang Lake,Hyper,2.07,56.04,0.75,NA,15,NA,T1,2.07,2.396825182
Fang22,Lake,Poyang Lake,Hyper,2.82,42.5,0.75,NA,10,NA,T1,2.82,2.120263536
Fang22,Lake,Poyang Lake,Hyper,2.14,25.3,0.75,NA,13,NA,T1,2.14,1.601563856
Fang22,Lake,Poyang Lake,Hyper,2.76,34.7,0.75,NA,13,NA,T1,2.76,1.917499147
Fang22,Lake,Poyang Lake,Hyper,3.44,30.8,0.75,NA,14,NA,T1,3.44,1.79827415
Fang22,Lake,Poyang Lake,Hyper,2.88,41.5,0.75,NA,17,NA,T1,2.88,2.096452888
Jiang 23,Lake,Taihu Lake,Hyper,2.71525,210,0.75,30.46,NA,NA,"F3,F5,F6,F9",2.71525,1.098612289
Jiang 23,Lake,Taihu Lake,Hyper,2.25417,130,0.75,31.89,NA,NA,"F3,F5,F6,F9",2.25417,0.619039208
Jiang 23,Lake,Taihu Lake,Hyper,2.32265,130,0.75,31.13,NA,NA,"F3,F5,F6,F9",2.32265,0.619039208
Jiang 23,Lake,Taihu Lake,Hyper,1.29295,100,0.75,31.61,NA,NA,"F3,F5,F6,F9",1.29295,0.356674944
Jiang 23,Lake,Taihu Lake,Hyper,1.47922,70,0.75,27.72,NA,NA,"F3,F5,F6,F9",1.47922,0
Jiang 23,Lake,Taihu Lake,Hyper,1.40167,100,0.75,24.71,NA,NA,"F3,F5,F6,F9",1.40167,0.356674944
Jiang 23,Lake,Taihu Lake,Hyper,1.38133,100,0.75,26.03,NA,NA,"F3,F5,F6,F9",1.38133,0.356674944
Jiang 23,Lake,Taihu Lake,Hyper,1.34021,120,0.75,27.73,NA,NA,"F3,F5,F6,F9",1.34021,0.538996501
Jiang 23,Lake,Taihu Lake,Hyper,1.29119,120,0.75,23.94,NA,NA,"F3,F5,F6,F9",1.29119,0.538996501
Zhu24,Reservoir,Houxi River,Eutro,4.74,14.86,0.75,NA,NA,NA,T3,4.74,0
Zhu24,Reservoir,Houxi River,Hyper,5.68,83.46,0.75,NA,NA,NA,T3,5.68,1.725694436
Zhu24,Reservoir,Houxi River,Hyper,5.25,73.7,0.75,NA,NA,NA,T3,5.25,1.60132976
Zhu24,Reservoir,Houxi River,Eutro,2.42,18.89,0.75,NA,NA,NA,T3,2.42,0.239959642
Zhu24,Reservoir,Houxi River,Eutro,1.05,27.01,0.75,NA,NA,NA,T3,1.05,0.597534129
Zhu24,Reservoir,Houxi River,Eutro,1.26,25.82,0.75,NA,NA,NA,T3,1.26,0.552476346
Zhao25,Lake,Taihu Lake,Oligo-meso,0.173,2,0.75,NA,981,NA,T2,0.173,0.693147181
Zhao25,Lake,Taihu Lake,Oligo-meso,0.175,2.2,0.75,NA,1070,NA,T2,0.175,0.78845736
Zhao25,Lake,Taihu Lake,Oligo-meso,0.184,2.73,0.75,NA,1230,NA,T2,0.184,1.004301609
Zhao25,Lake,Taihu Lake,Oligo-meso,0.2,3.51,0.75,NA,1400,NA,T2,0.2,1.255616037
Zhao25,Lake,Taihu Lake,Oligo-meso,0.182,1,0.75,NA,40,NA,T3,0.182,0
Zhao25,Lake,Taihu Lake,Oligo-meso,0.37,2,0.75,NA,50,NA,T3,0.37,0.693147181
Zhao25,Lake,Taihu Lake,Oligo-meso,0.42,2.67,0.75,NA,54,NA,T3,0.42,0.982078472
Zhao25,Lake,Taihu Lake,Oligo-meso,0.52,4.65,0.75,NA,70,NA,T3,0.52,1.53686722
Zhao25,Lake,Taihu Lake,Eutro,0.64,7.01,0.75,NA,100,NA,T3,0.64,1.947337701
Zhao25,Lake,Taihu Lake,Eutro,0.89,11,0.75,NA,140,NA,T3,0.89,2.397895273
Zhao25,Lake,Taihu Lake,Eutro,1.55,16,0.75,NA,190,NA,T3,1.55,2.772588722
Zhao25,Lake,Taihu Lake,Eutro,1.83,18.7,0.75,NA,220,NA,T3,1.83,2.928523524
Zhao25,Lake,Taihu Lake,Eutro,2.22,25.9,0.75,NA,400,NA,T3,2.22,3.254242969
Zhao25,Lake,Taihu Lake,Hyper,3.06,39.2,0.75,NA,843,NA,T3,3.06,3.668676747
Zhao25,Lake,Taihu Lake,Oligo-meso,0.37,2,0.75,NA,180,NA,T4,0.37,0.693147181
Zhao25,Lake,Taihu Lake,Oligo-meso,0.39,2,0.75,NA,220,NA,T4,0.39,0.693147181
Zhao25,Lake,Taihu Lake,Oligo-meso,0.34,2,0.75,NA,250,NA,T4,0.34,0.693147181
Zhao25,Lake,Taihu Lake,Oligo-meso,0.37,2,0.75,NA,220,NA,T4,0.37,0.693147181
Zhao25,Lake,Taihu Lake,Oligo-meso,0.19,1.36,0.75,NA,320,NA,T5,0.19,0.3074847
Zhao25,Lake,Taihu Lake,Oligo-meso,0.21,1.59,0.75,NA,350,NA,T5,0.21,0.463734016
Zhao25,Lake,Taihu Lake,Oligo-meso,0.26,2,0.75,NA,400,NA,T5,0.26,0.693147181
Zhao25,Lake,Taihu Lake,Oligo-meso,0.3,2,0.75,NA,420,NA,T5,0.3,0.693147181
Zhao25,Lake,Taihu Lake,Oligo-meso,0.37,2.4,0.75,NA,550,NA,T5,0.37,0.875468737
Zhao25,Lake,Taihu Lake,Oligo-meso,0.4,3,0.75,NA,700,NA,T5,0.4,1.098612289
Zhao25,Lake,Taihu Lake,Oligo-meso,0.45,4,0.75,NA,1050,NA,T5,0.45,1.386294361
Zhao26,Lake,Lake Ulansuhai,Oligo-meso,0.36,1.78,0.75,NA,121,NA,T1,0.36,2.00372972
Zhao26,Lake,Lake Ulansuhai,Oligo-meso,0.785,4.73,0.75,NA,68,NA,T1,0.785,2.981041558
Zhao26,Lake,Lake Ulansuhai,Eutro,1.245,8.69,0.75,NA,50,NA,T1,1.245,3.589289295
Zhao26,Lake,Lake Ulansuhai,Eutro,2.074,15.09,0.75,NA,41,NA,T1,2.074,4.141148628
Zhao26,Lake,Lake Ulansuhai,Eutro,3.781,26.99,0.75,NA,28,NA,T1,3.781,4.722582783
Zhao26,Lake,Lake Ulansuhai,Oligo-meso,0.63,0.67,0.75,NA,64,NA,T4,0.63,1.026638789
Zhao26,Lake,Lake Ulansuhai,Oligo-meso,0.79,2.33,0.75,NA,90,NA,T4,0.79,2.272984623
Zhao26,Lake,Lake Ulansuhai,Oligo-meso,0.69,0.24,0.75,NA,90,NA,T4,0.69,0
Zhao26,Lake,Lake Ulansuhai,Oligo-meso,0.56,2.4,0.75,NA,NA,NA,T4,0.56,2.302585093
Zhao26,Lake,Lake Ulansuhai,Oligo-meso,0.33,1,0.75,NA,110,NA,T4,0.33,1.427116356
Zhao26,Lake,Lake Ulansuhai,Oligo-meso,0.77,2,0.75,NA,50,NA,T4,0.77,2.120263536
Guo27,Lake,Hulan Lake,Eutro,3.33,25.01,0.75,NA,NA,NA,T2,3.33,2.988164024
Guo27,Lake,Hulan Lake,Hyper,2.9,47.73,0.75,NA,NA,NA,T2,2.9,3.63444841
Guo27,Lake,Hulan Lake,Oligo-meso,1.1,3.89,0.75,NA,NA,NA,T2,1.1,1.127297437
Guo27,Lake,Hulan Lake,Oligo-meso,1.8,5.59,0.75,NA,NA,NA,T2,1.8,1.489867566
Guo27,Lake,Hulan Lake,Oligo-meso,0.88,1.26,0.75,NA,NA,NA,T2,0.88,0
Guo27,Lake,Hulan Lake,Oligo-meso,2.14,3.04,0.75,NA,NA,NA,T2,2.14,0.880745794
Guo27,Lake,Hulan Lake,Eutro,2.37,22.21,0.75,NA,NA,NA,T2,2.37,2.869430917
Guo27,Lake,Hulan Lake,Eutro,1.83,20.1,0.75,NA,NA,NA,T2,1.83,2.769608094
Guo27,Lake,Hulan Lake,Eutro,2.8,24.25,0.75,NA,NA,NA,T2,2.8,2.957304896
Guo27,Lake,Hulan Lake,Oligo-meso,1.68,1.4,0.75,NA,NA,NA,T2,1.68,0.105360516
Guo27,Lake,Hulan Lake,Oligo-meso,1.29,2.6,0.75,NA,NA,NA,T2,1.29,0.724399724
Zhou28,Lake,dianchi Lake,Eutro,1.92,12,0.75,NA,30,NA,T1,1.92,0.25489225
Zhou28,Lake,dianchi Lake,Hyper,2.23,63,0.75,NA,43,NA,T1,2.23,1.913120326
Zhou28,Lake,dianchi Lake,Eutro,1.52,9.3,0.75,NA,35,NA,T1,1.52,0
Zhou28,Lake,dianchi Lake,Eutro,2.16,9.23,0.75,NA,417,NA,T3,2.16,0.10019751
Zhou28,Lake,dianchi Lake,Eutro,2.3,10.99,0.75,NA,395,NA,T3,2.3,0.27472423
Zhou28,Lake,dianchi Lake,Eutro,2,11.82,0.75,NA,346,NA,T3,2,0.347531473
Zhou28,Lake,dianchi Lake,Eutro,2.71,8.35,0.75,NA,293,NA,T3,2.71,0
Zhou28,Lake,dianchi Lake,Eutro,2.76,12,0.75,NA,300,NA,T3,2.76,0.362645111
Zhou28,Lake,dianchi Lake,Eutro,2.72,10.34,0.75,NA,2.58,NA,T3,2.72,0.21375833
Zhou28,Lake,dianchi Lake,Eutro,2.73,16.75,0.75,NA,207,NA,T3,2.73,0.696136719
Zhou28,Lake,dianchi Lake,Eutro,2.48,11.35,0.75,NA,317,NA,T3,2.48,0.306956205
Chen29,Lake,Baiyangdian,Oligo-meso,0.904255,4.28829,0.75,NA,13,NA,"F3,F4",0.904255,0
Chen29,Lake,Baiyangdian,Oligo-meso,0.712766,5.04505,0.75,NA,11,NA,"F3,F4",0.712766,0.162519512
Chen29,Lake,Baiyangdian,Oligo-meso,0.670213,5.47748,0.75,NA,11,NA,"F3,F4",0.670213,0.244757089
Chen29,Lake,Baiyangdian,Oligo-meso,0.840426,5.98198,0.75,NA,21,NA,"F3,F4",0.840426,0.332863565
Chen29,Lake,Baiyangdian,Oligo-meso,0.648936,4.9009,0.75,NA,15,NA,"F3,F4",0.648936,0.13353081
Chen29,Lake,Baiyangdian,Eutro,1.09574,8.25225,0.75,NA,12,NA,"F3,F4",1.09574,0.654597838
Chen29,Lake,Baiyangdian,Eutro,1.37234,10.955,0.75,NA,13,NA,"F3,F4",1.37234,0.937907921
Chen29,Lake,Baiyangdian,Eutro,1.43617,9.98198,0.75,NA,17,NA,"F3,F4",1.43617,0.844893415
Chen29,Lake,Baiyangdian,Oligo-meso,1.2766,5.83784,0.75,NA,31,NA,"F3,F4",1.2766,0.308472813
Chen29,Lake,Baiyangdian,Oligo-meso,0.37234,5.36937,0.75,NA,21,NA,"F3,F4",0.37234,0.224822531
Chen29,Lake,Baiyangdian,Oligo-meso,0.148936,4.61261,0.75,NA,19,NA,"F3,F4",0.148936,0.072905805
Chen29,Lake,Baiyangdian,Oligo-meso,0.212766,4.86486,0.75,NA,20,NA,"F3,F4",0.212766,0.126149886
Yang30,reservoir,Jiulong reservoir,Oligo-meso,5.26087,2.86325,0.75,15.42,380.15,9.78,"F3,F4",5.26087,0.797679532
Yang30,reservoir,Jiulong reservoir,Oligo-meso,4.91304,3.56761,0.75,16.31,293.07,9.31,"F3,F4",4.91304,1.017618093
Yang30,reservoir,Jiulong reservoir,Oligo-meso,4.73913,2.56379,0.75,17.2,346.06,9.42,"F3,F4",4.73913,0.687208822
Yang30,reservoir,Jiulong reservoir,Oligo-meso,5.17391,2.42934,0.75,17.76,236.94,10.13,"F3,F4",5.17391,0.633341805
Yang30,reservoir,Jiulong reservoir,Oligo-meso,4.34783,4.8602,0.75,23.39,210.1,9.12,"F3,F4",4.34783,1.326801778
Yang30,reservoir,Jiulong reservoir,Oligo-meso,3.3913,6.43392,0.75,25.31,227.02,10.3,"F3,F4",3.3913,1.607306184
Yang30,reservoir,Jiulong reservoir,Eutro,3.43478,9.7097,0.75,25.35,148.06,9.82,"F3,F4",3.43478,2.018847575
Yang30,reservoir,Jiulong reservoir,Eutro,3.30435,12.1406,0.75,26.07,145.07,10,"F3,F4",3.30435,2.242277397
Yang30,reservoir,Jiulong reservoir,Eutro,3.78261,13.7204,0.75,26.78,101.91,9.06,"F3,F4",3.78261,2.364605965
Yang30,reservoir,Jiulong reservoir,Eutro,3.47826,18.7227,0.75,27.67,122.98,7.98,"F3,F4",3.47826,2.675458881
Yang30,reservoir,Jiulong reservoir,Hyper,4.30435,45.1474,0.75,27.89,95.92,7.04,"F3,F4",4.30435,3.555654881
Yang30,reservoir,Jiulong reservoir,Hyper,4.6087,63.0008,0.75,28.28,84.83,6.89,"F3,F4",4.6087,3.888869614
Yang30,reservoir,Jiulong reservoir,Hyper,4.56522,81.7173,0.75,28.82,63.89,5.68,"F3,F4",4.56522,4.148987919
Yang30,reservoir,Jiulong reservoir,Hyper,4.78261,134.72,0.75,29.21,74.97,5.67,"F3,F4",4.78261,4.64892074
Yang30,reservoir,Jiulong reservoir,Hyper,4.30435,89.1444,0.75,28.4,65.82,5.78,"F3,F4",4.30435,4.235979716
Yang30,reservoir,Jiulong reservoir,Hyper,4.26087,54.7181,0.75,29.97,56.66,5.17,"F3,F4",4.26087,3.74791674
Yang30,reservoir,Jiulong reservoir,Eutro,5.65217,19.4347,0.75,24.08,173.93,7.01,"F3,F4",5.65217,2.712782317
Yang30,reservoir,Jiulong reservoir,Eutro,5.78261,21.8717,0.75,24.12,154.81,7.79,"F3,F4",5.78261,2.830915753
Yang30,reservoir,Jiulong reservoir,Eutro,5.6087,20.8556,0.75,24.16,197.76,8.89,"F3,F4",5.6087,2.783344686
Yang30,reservoir,Jiulong reservoir,Eutro,5.56522,13.864,0.75,24.38,178.83,8.21,"F3,F4",5.56522,2.375017742
Yang30,reservoir,Jiulong reservoir,Eutro,7,6.01528,0.75,17.3,219.85,10.78,"F3,F4",7,1.540025088
Yang30,reservoir,Jiulong reservoir,Oligo-meso,6.47826,4.15432,0.75,17.68,208.85,11.68,"F3,F4",6.47826,1.169870946
Yang30,reservoir,Jiulong reservoir,Oligo-meso,6.30435,1.4301,0.75,17.73,241.75,13.32,"F3,F4",6.30435,0.103466561
Yang30,reservoir,Jiulong reservoir,Oligo-meso,6.43478,1.28953,0.75,17.26,264.76,11.85,"F3,F4",6.43478,0
Yang30,reservoir,Jiulong reservoir,Oligo-meso,2.55814,1.42857,0.75,17.61,393.48,10.02,F4,2.55814,0
Yang30,reservoir,Jiulong reservoir,Oligo-meso,2.13953,2.85714,0.75,18.75,348.49,8.65,F4,2.13953,0.693147181
Yang30,reservoir,Jiulong reservoir,Oligo-meso,2.13953,2.85714,0.75,19.2,375.37,8.23,F4,2.13953,0.693147181
Yang30,reservoir,Jiulong reservoir,Oligo-meso,2.51163,2.14286,0.75,18.41,200.03,8.91,F4,2.51163,0.405467441
Yang30,reservoir,Jiulong reservoir,Oligo-meso,2.09302,2.14286,0.75,22.39,289.87,8.8,F4,2.09302,0.405467441
Yang30,reservoir,Jiulong reservoir,Oligo-meso,2.04651,3.57143,0.75,23.07,201.3,8.7,F4,2.04651,0.916292132
Yang30,reservoir,Jiulong reservoir,Eutro,2,16.4286,0.75,24.2,117.31,13.27,F4,2,2.442349774
Yang30,reservoir,Jiulong reservoir,Eutro,1.95349,15.7143,0.75,25.68,128.92,12.73,F4,1.95349,2.397897182
Yang30,reservoir,Jiulong reservoir,Eutro,2.97674,19.2857,0.75,25.57,129.75,8.87,F4,2.97674,2.602689945
Yang30,reservoir,Jiulong reservoir,Eutro,2.23256,20.7143,0.75,28.86,52.09,7.81,F4,2.23256,2.674150339
Yang30,reservoir,Jiulong reservoir,Hyper,3.76744,33.5714,0.75,29.2,52.94,7.65,F4,3.76744,3.15700057
Yang30,reservoir,Jiulong reservoir,Hyper,2.46512,64.2857,0.75,30,57.98,8.32,F4,2.46512,3.806663268
Yang30,reservoir,Jiulong reservoir,Hyper,3.72093,92.8571,0.75,29.66,47.77,6.5,F4,3.72093,4.174387808
Yang30,reservoir,Jiulong reservoir,Hyper,4.32558,87.8571,0.75,29.32,48.46,6.79,F4,4.32558,4.119037687
Yang30,reservoir,Jiulong reservoir,Hyper,4.27907,101.429,0.75,27.61,62.22,5.86,F4,4.27907,4.262685102
Yang30,reservoir,Jiulong reservoir,Hyper,5.02326,146.429,0.75,29.09,71.69,5.63,F4,5.02326,4.629866725
Yang30,reservoir,Jiulong reservoir,Hyper,5.16279,37.1429,0.75,28.41,168,10,F4,5.16279,3.258098692
Yang30,reservoir,Jiulong reservoir,Hyper,7.86047,37.1429,0.75,25.68,155.67,10.61,F4,7.86047,3.258098692
Yang30,reservoir,Jiulong reservoir,Eutro,5.5814,24.2857,0.75,24.55,121.63,10.14,F4,5.5814,2.833213756
Yang30,reservoir,Jiulong reservoir,Eutro,5.34884,15.7143,0.75,24.2,146.34,9.85,F4,5.34884,2.397897182
Yang30,reservoir,Jiulong reservoir,Eutro,6.09302,8.57143,0.75,18.98,160.13,10.58,F4,6.09302,1.791760636
Yang30,reservoir,Jiulong reservoir,Eutro,5.86047,9.28571,0.75,17.5,154.14,10.22,F4,5.86047,1.871802715
Yang30,reservoir,Jiulong reservoir,Oligo-meso,5.67442,5,0.75,17.5,154.88,10.77,F4,5.67442,1.252763968
Yang30,reservoir,Jiulong reservoir,Oligo-meso,5.5814,5,0.75,17.84,162.3,10.41,F4,5.5814,1.252763968
Yang30,reservoir,Jiulong reservoir,Oligo-meso,6.83721,4.28571,0.75,19.55,436.35,9.29,F4,6.83721,1.098612289
Yang30,reservoir,Jiulong reservoir,Oligo-meso,6.27907,5,0.75,19.66,334.86,8.84,F4,6.27907,1.252763968
Yang30,reservoir,Jiulong reservoir,Oligo-meso,6.27907,5,0.75,20.57,387.88,9.23,F4,6.27907,1.252763968
Yang30,reservoir,Jiulong reservoir,Oligo-meso,6.69767,4.28571,0.75,20.91,279.88,9.68,F4,6.69767,1.098612289
Yang30,reservoir,Jiulong reservoir,Eutro,5.90698,9.28571,0.75,24.2,252.31,8.58,F4,5.90698,1.871802715
Yang30,reservoir,Jiulong reservoir,Eutro,4.4186,10.7143,0.75,25.45,259.65,9.87,F4,4.4186,2.014905354
Yang30,reservoir,Jiulong reservoir,Eutro,4.4186,12.8571,0.75,25.45,175.58,9.42,F4,4.4186,2.197222244
Yang30,reservoir,Jiulong reservoir,Eutro,4.09302,12.8571,0.75,25.34,167.63,9.68,F4,4.09302,2.197222244
Yang30,reservoir,Jiulong reservoir,Eutro,5.2093,15.7143,0.75,26.25,135.76,8.71,F4,5.2093,2.397897182
Yang30,reservoir,Jiulong reservoir,Eutro,4.51163,22.1429,0.75,26.36,145.28,7.87,F4,4.51163,2.740842959
Yang30,reservoir,Jiulong reservoir,Hyper,5.5814,49.2857,0.75,26.7,113.39,7.03,F4,5.5814,3.540960034
Yang30,reservoir,Jiulong reservoir,Hyper,6.09302,68.5714,0.75,26.93,90.27,6.97,F4,6.09302,3.871201594
Yang30,reservoir,Jiulong reservoir,Hyper,5.90698,89.2857,0.75,27.39,69.3,5.61,F4,5.90698,4.135167397
Yang30,reservoir,Jiulong reservoir,Hyper,6.09302,143.571,0.75,27.73,72.06,5.81,F4,6.09302,4.610155742
Yang30,reservoir,Jiulong reservoir,Hyper,5.5814,94.2857,0.75,26.82,62.09,5.81,F4,5.5814,4.189655591
Yang30,reservoir,Jiulong reservoir,Hyper,5.5814,61.4286,0.75,28.07,56.18,5.1,F4,5.5814,3.761201581
Yang30,reservoir,Jiulong reservoir,Eutro,7.30233,22.1429,0.75,24.43,180.86,6.77,F4,7.30233,2.740842959
Yang30,reservoir,Jiulong reservoir,Eutro,7.53488,27.1429,0.75,24.09,157.72,7.87,F4,7.53488,2.944441558
Yang30,reservoir,Jiulong reservoir,Eutro,7.34884,25.7143,0.75,24.89,201.88,8.77,F4,7.34884,2.890373313
Yang30,reservoir,Jiulong reservoir,Eutro,7.34884,17.8571,0.75,24.2,183.09,8.19,F4,7.34884,2.525727244
Yang30,reservoir,Jiulong reservoir,Eutro,9.06977,10,0.75,20.23,220.79,10.32,F4,9.06977,1.945911149
Yang30,reservoir,Jiulong reservoir,Eutro,8.09302,8.57143,0.75,20.11,217.29,11.61,F4,8.09302,1.791760636
Yang30,reservoir,Jiulong reservoir,Oligo-meso,8.32558,5.71429,0.75,19.89,250.58,13.16,F4,8.32558,1.386296111
Yang30,reservoir,Jiulong reservoir,Oligo-meso,8.4186,6.42857,0.75,19.89,281.71,11.81,F4,8.4186,1.504078175
Li31,Lake,Chaohu Lake,Hyper,3.98,32.88,0.75,NA,44,NA,T1,3.98,0.499134299
Li31,Lake,Chaohu Lake,Eutro,3.51,26.89,0.75,NA,35,NA,T1,3.51,0.298024199
Li31,Lake,Chaohu Lake,Hyper,7.15,32.42,0.75,NA,58,NA,T1,7.15,0.485045245
Li31,Lake,Chaohu Lake,Hyper,6.92,33.77,0.75,NA,45,NA,T1,6.92,0.525842564
Li31,Lake,Chaohu Lake,Eutro,5.29,19.96,0.75,NA,55,NA,T1,5.29,0
Li31,Lake,Chaohu Lake,Eutro,6.59,26.54,0.75,NA,47,NA,T1,6.59,0.284922758
Cheng32,Lake,Dianshanhu Lake,Eutro,1.02,9.28,0.75,NA,60,NA,T1,1.02,1.093238821
Cheng32,Lake,Dianshanhu Lake,Eutro,1.29,10.54,0.75,NA,40,NA,T1,1.29,1.220554817
Cheng32,Lake,Dianshanhu Lake,Eutro,0.96,7.36,0.75,NA,35,NA,T1,0.96,0.861437207
Cheng32,Lake,Dianshanhu Lake,Eutro,0.98,7.37,0.75,NA,33,NA,T1,0.98,0.86279498
Cheng32,Lake,Dianshanhu Lake,Eutro,1.04,7.48,0.75,NA,40,NA,T1,1.04,0.877610066
Cheng32,Lake,Dianshanhu Lake,Oligo-meso,0.76,3.11,0.75,NA,76,NA,T1,0.76,0
Cheng32,Lake,Dianshanhu Lake,Oligo-meso,0.72,4.7,0.75,NA,110,NA,T1,0.72,0.412939783
Cheng32,Lake,Dianshanhu Lake,Oligo-meso,0.87,4.97,0.75,NA,100,NA,T1,0.87,0.468797114
Cheng32,Lake,Dianshanhu Lake,Oligo-meso,0.9,3.82,0.75,NA,100,NA,T1,0.9,0.205627696
Cheng32,Lake,Dianshanhu Lake,Oligo-meso,0.86,4.42,0.75,NA,130,NA,T1,0.86,0.35151697
Mao33,Lake,Hangzhou xihu Lake,Hyper,3.89,58.1,0.75,18.1,31.6,6.5,T1,3.89,1.188601024
Mao33,Lake,Hangzhou xihu Lake,Hyper,4.16,58.8,0.75,18,33.5,6,T1,4.16,1.200577215
Mao33,Lake,Hangzhou xihu Lake,Hyper,4.19,47.4,0.75,18.3,36.4,8.6,T1,4.19,0.985057589
Mao33,Lake,Hangzhou xihu Lake,Hyper,4.31,39.4,0.75,18.4,36.8,7.4,T1,4.31,0.800201177
Mao33,Lake,Hangzhou xihu Lake,Eutro,4.84,26.2,0.75,18.3,38.7,7.5,T1,4.84,0.392194771
Mao33,Lake,Hangzhou xihu Lake,Eutro,5.55,17.7,0.75,6.9,42.8,9.4,T2,5.55,0
Mao33,Lake,Hangzhou xihu Lake,Hyper,5.05,48.1,0.75,20.8,38.3,7.2,T2,5.05,0.999717538
Mao33,Lake,Hangzhou xihu Lake,Hyper,2.77,82.7,0.75,29.2,29,6.1,T2,2.77,1.541654962
Mao33,Lake,Hangzhou xihu Lake,Hyper,3.75,35.3,0.75,16.5,30.9,6.8,T2,3.75,0.690318324
Mao33,Lake,Hangzhou xihu Lake,Hyper,2.08,84,0.75,21.8,43,NA,ST1,2.08,0.168136922
Mao33,Lake,Hangzhou xihu Lake,Hyper,1.96,71,0.75,21.8,43,NA,ST1,1.96,0
Wang34,Lake,Nansi Lake,Eutro,2.42,28.15,0.75,17.84,84.17,7.97,T1,2.42,0
Wang34,Lake,Nansi Lake,Hyper,1.44,40.6,0.75,20.9,38.3,7.38,ST1,1.44,0.61728143
Wang34,Lake,Nansi Lake,Hyper,2.83,56.6,0.75,20.8,33.3,6.86,ST1,2.83,0.949522348
Wang34,Lake,Nansi Lake,Eutro,1.84,23.3,0.75,20.6,45,7.32,ST1,1.84,0.061966724
Wang34,Lake,Nansi Lake,Eutro,1.6,21.9,0.75,20.7,30.8,7.26,ST1,1.6,0
Wang34,Lake,Nansi Lake,Eutro,1.23,44.3,0.75,20.5,40.4,7.58,ST1,1.23,0.70449804
Wang34,Lake,Nansi Lake,Hyper,1.28,88.8,0.75,22,59.6,10.1,ST1,1.28,1.399900013
Zhang35,ocean,Weihai,Oligo-meso,1.37,2.9,0.75,NA,230,NA,T2,1.37,0.140451835
Zhang35,ocean,Weihai,Oligo-meso,1.54,3.26,0.75,NA,143,NA,T2,1.54,0.257468294
Zhang35,ocean,Weihai,Oligo-meso,1.7,2.52,0.75,NA,120,NA,T2,1.7,0
Zhang35,ocean,Weihai,Oligo-meso,1.55,4.53,0.75,NA,80,NA,T2,1.55,0.586463038
Zhang35,ocean,Weihai,Oligo-meso,1.58,6.62,0.75,NA,60,NA,T2,1.58,0.965836468
Zhang35,ocean,Weihai,Eutro,3.44012,18.824,0.75,NA,NA,NA,F7,3.44012,0.220093596
Zhang35,ocean,Weihai,Eutro,3.89778,20.8889,0.75,NA,NA,NA,F7,3.89778,0.324178862
Zhang35,ocean,Weihai,Eutro,4.37661,21.6338,0.75,NA,NA,NA,F7,4.37661,0.359217851
Zhang35,ocean,Weihai,Eutro,2.42097,22.9629,0.75,NA,NA,NA,F7,2.42097,0.418840815
Zhang35,ocean,Weihai,Eutro,7.3998,21.207,0.75,NA,NA,NA,F7,7.3998,0.33929226
Zhang35,ocean,Weihai,Eutro,4.2506,23.7138,0.75,NA,NA,NA,F7,4.2506,0.451018102
Zhang35,ocean,Weihai,Eutro,6.61048,17.1032,0.75,NA,NA,NA,F7,6.61048,0.124226525
Zhang35,ocean,Weihai,Eutro,3.82419,22.1098,0.75,NA,NA,NA,F7,3.82419,0.380981894
Zhang35,ocean,Weihai,Eutro,2.96633,26.6748,0.75,NA,NA,NA,F7,2.96633,0.568680244
Zhang35,ocean,Weihai,Eutro,3.74859,24.482,0.75,NA,NA,NA,F7,3.74859,0.482899098
Zhang35,ocean,Weihai,Eutro,2.93407,16.988,0.75,NA,NA,NA,F7,2.93407,0.117468157
Zhang35,ocean,Weihai,Eutro,3.03387,29.4931,0.75,NA,NA,NA,F7,3.03387,0.669117282
Zhang35,ocean,Weihai,Eutro,2.45726,20.5297,0.75,NA,NA,NA,F7,2.45726,0.306833563
Zhang35,ocean,Weihai,Eutro,1.92298,25.6834,0.75,NA,NA,NA,F7,1.92298,0.530805813
Zhang35,ocean,Weihai,Eutro,1.76875,15.1052,0.75,NA,NA,NA,F7,1.76875,0
Zhang35,ocean,Weihai,Eutro,2.49052,26.728,0.75,NA,NA,NA,F7,2.49052,0.57067265
Zhang35,ocean,Weihai,Eutro,1.7244,25.7048,0.75,NA,NA,NA,F7,1.7244,0.531638689
Zhang35,ocean,Weihai,Eutro,2.84032,26.3002,0.75,NA,NA,NA,F7,2.84032,0.554537488
Zhang35,ocean,Weihai,Eutro,1.52681,26.7489,0.75,NA,NA,NA,F7,1.52681,0.571454296
Zhang35,ocean,Weihai,Eutro,2.40988,26.0229,0.75,NA,NA,NA,F7,2.40988,0.543937864
Zhang35,ocean,Weihai,Eutro,1.8625,15.1469,0.75,NA,NA,NA,F7,1.8625,0.002756835
Zhang35,ocean,Weihai,Eutro,3.0752,24.5648,0.75,NA,NA,NA,F7,3.0752,0.486275469
Zhang35,ocean,Weihai,Eutro,2.75867,23.9838,0.75,NA,NA,NA,F7,2.75867,0.462339547
Yang36,Lake,Tangxun Lake,Oligo-meso,0.266667,1.12422,0.75,NA,288,NA,F2,0.266667,0
Yang36,Lake,Tangxun Lake,Oligo-meso,0.252632,1.31056,0.75,NA,329,NA,F2,0.252632,0.153365065
Yang36,Lake,Tangxun Lake,Oligo-meso,0.245614,1.29814,0.75,NA,345,NA,F2,0.245614,0.143843009
Yang36,Lake,Tangxun Lake,Oligo-meso,0.284211,1.31056,0.75,NA,431,NA,F2,0.284211,0.153365065
Yang36,Lake,Tangxun Lake,Oligo-meso,0.178947,2.59627,0.75,NA,412,NA,F2,0.178947,0.836986338
Yang36,Lake,Tangxun Lake,Oligo-meso,0.329825,1.32919,0.75,NA,357,NA,F2,0.329825,0.167480272
Yang36,Lake,Tangxun Lake,Oligo-meso,0.22807,2.45342,0.75,NA,324,NA,F2,0.22807,0.780393508
Yang36,Lake,Tangxun Lake,Oligo-meso,0.242105,2.47205,0.75,NA,355,NA,F2,0.242105,0.787958304
Yang36,Lake,Tangxun Lake,Oligo-meso,0.298246,2.63975,0.75,NA,355,NA,F2,0.298246,0.853594754
Yang36,Lake,Tangxun Lake,Oligo-meso,0.231579,2.46584,0.75,NA,304,NA,F2,0.231579,0.785443058
Yang36,Lake,Tangxun Lake,Oligo-meso,0.357895,2.80124,0.75,NA,353,NA,F2,0.357895,0.912972714
Yang36,Lake,Tangxun Lake,Oligo-meso,0.294737,3.4472,0.75,NA,306,NA,F2,0.294737,1.120472845
Yang36,Lake,Tangxun Lake,Oligo-meso,0.259649,3.61491,0.75,NA,288,NA,F2,0.259649,1.167977497
Yang36,Lake,Tangxun Lake,Oligo-meso,0.368421,5.22981,0.75,NA,351,NA,F2,0.368421,1.537285487
Yang36,Lake,Tangxun Lake,Eutro,0.4,5.86335,0.75,NA,184,NA,F2,0.4,1.651631651
Yang36,Lake,Tangxun Lake,Eutro,0.484211,13.0124,0.75,NA,210,NA,F2,0.484211,2.448813287
Yang36,Lake,Tangxun Lake,Eutro,0.550877,9.93789,0.75,NA,186,NA,F2,0.550877,2.179265263
Yang36,Lake,Tangxun Lake,Eutro,0.582456,12.6832,0.75,NA,184,NA,F2,0.582456,2.423188821
Yang36,Lake,Tangxun Lake,Eutro,0.614035,12.2236,0.75,NA,173,NA,F2,0.614035,2.386279048
Yang36,Lake,Tangxun Lake,Eutro,0.533333,14.3043,0.75,NA,184,NA,F2,0.533333,2.54347073
Yang36,Lake,Tangxun Lake,Eutro,0.414035,16.441,0.75,NA,167,NA,F2,0.414035,2.682688753
Yang36,Lake,Tangxun Lake,Eutro,0.564912,20.323,0.75,NA,155,NA,F2,0.564912,2.894663788
Yang36,Lake,Tangxun Lake,Eutro,0.501754,16.1118,0.75,NA,169,NA,F2,0.501754,2.662462461
Yang36,Lake,Tangxun Lake,Eutro,0.536842,13.2236,0.75,NA,186,NA,F2,0.536842,2.46491365
Yang36,Lake,Tangxun Lake,Eutro,0.519298,14.5155,0.75,NA,184,NA,F2,0.519298,2.558127582
Yang36,Lake,Tangxun Lake,Eutro,0.519298,11.9441,0.75,NA,180,NA,F2,0.519298,2.363147971
Bian37,Lake,Mata Lake,Eutro,0.731777,16.3929,0.75,16.39,NA,NA,F1,0.731777,0.060625384
Bian37,Lake,Mata Lake,Eutro,0.921048,17.1964,0.75,17.2,NA,NA,F1,0.921048,0.10847713
Bian37,Lake,Mata Lake,Eutro,1.63108,17.5,0.75,17.5,NA,NA,F1,1.63108,0.125977951
Bian37,Lake,Mata Lake,Eutro,1.12422,17.4821,0.75,17.48,NA,NA,F1,1.12422,0.12495457
Bian37,Lake,Mata Lake,Eutro,1.33452,17.6964,0.75,17.7,NA,NA,F1,1.33452,0.137138299
Bian37,Lake,Mata Lake,Eutro,2.50116,16.9464,0.75,16.95,NA,NA,F1,2.50116,0.093832492
Bian37,Lake,Mata Lake,Eutro,1.49492,17.9107,0.75,17.91,NA,NA,F1,1.49492,0.14917537
Bian37,Lake,Mata Lake,Eutro,1.68098,16.8571,0.75,16.86,NA,NA,F1,1.68098,0.088549003
Bian37,Lake,Mata Lake,Eutro,1.9141,18.1607,0.75,18.16,NA,NA,F1,1.9141,0.163036989
Bian37,Lake,Mata Lake,Eutro,2.2128,16.9643,0.75,16.96,NA,NA,F1,2.2128,0.094888206
Bian37,Lake,Mata Lake,Eutro,2.35822,18.3929,0.75,18.39,NA,NA,F1,2.35822,0.175741791
Bian37,Lake,Mata Lake,Eutro,2.80699,18.0357,0.75,18.04,NA,NA,F1,2.80699,0.156130197
Bian37,Lake,Mata Lake,Eutro,2.93067,17.5893,0.75,17.59,NA,NA,F1,2.93067,0.131067833
Bian37,Lake,Mata Lake,Eutro,2.35716,15.4286,0.75,15.43,NA,NA,F1,2.35716,0
Bian37,Lake,Mata Lake,Eutro,2.13474,18.8571,0.75,18.86,NA,NA,F1,2.13474,0.200666571
Bian37,Lake,Mata Lake,Eutro,2.60488,17.5714,0.75,17.57,NA,NA,F1,2.60488,0.13004965
Bian37,Lake,Mata Lake,Eutro,2.37854,16.1429,0.75,16.14,NA,NA,F1,2.37854,0.045257395
Bian37,Lake,Mata Lake,Eutro,2.70077,17.7143,0.75,17.71,NA,NA,F1,2.70077,0.138149293
Bian37,Lake,Mata Lake,Eutro,2.86687,17.8929,0.75,17.89,NA,NA,F1,2.86687,0.148181056
Bian37,Lake,Mata Lake,Eutro,2.8576,17.8571,0.75,17.86,NA,NA,F1,2.8576,0.146178258
Bian37,Lake,Mata Lake,Eutro,3.98253,17.3929,0.75,17.39,NA,NA,F1,3.98253,0.119839147
Bian37,Lake,Mata Lake,Eutro,4.86687,18.6607,0.75,18.66,NA,NA,F1,4.86687,0.190196778
Bian37,Lake,Mata Lake,Eutro,5.20727,18.7679,0.75,18.77,NA,NA,F1,5.20727,0.195925034
Bian37,Lake,Mata Lake,Eutro,3.67849,17.9643,0.75,17.96,NA,NA,F1,3.67849,0.152163525
Bian37,Lake,Mata Lake,Eutro,3.21511,18.8036,0.75,18.8,NA,NA,F1,3.21511,0.197825411
Bian37,Lake,Mata Lake,Eutro,2.8159,18.2679,0.75,18.27,NA,NA,F1,2.8159,0.168922491
Bian37,Lake,Mata Lake,Eutro,2.06844,19.3214,0.75,19.32,NA,NA,F1,2.06844,0.22499036
Tao38,Lake,Lizhi Lake,Oligo-meso,5.86207,5.86207,0.75,4.83,NA,NA,F2,5.86207,0.961411036
Tao38,Lake,Lizhi Lake,Oligo-meso,6.55172,6.55172,0.75,7.24,NA,NA,F2,6.55172,1.072635863
Tao38,Lake,Lizhi Lake,Eutro,7.06897,7.06897,0.75,10.34,NA,NA,F2,7.06897,1.148623036
Tao38,Lake,Lizhi Lake,Oligo-meso,5.86207,5.86207,0.75,17.24,NA,NA,F2,5.86207,0.961411036
Tao38,Lake,Lizhi Lake,Oligo-meso,4.31034,4.31034,0.75,22.24,NA,NA,F2,4.31034,0.65392504
Tao38,Lake,Lizhi Lake,Oligo-meso,4.31034,4.31034,0.75,24.83,NA,NA,F2,4.31034,0.65392504
Tao38,Lake,Lizhi Lake,Oligo-meso,3.27586,3.27586,0.75,29.83,NA,NA,F2,3.27586,0.379488682
Tao38,Lake,Lizhi Lake,Oligo-meso,2.75862,2.75862,0.75,28.97,NA,NA,F2,2.75862,0.207638807
Tao38,Lake,Lizhi Lake,Oligo-meso,2.24138,2.24138,0.75,25.52,NA,NA,F2,2.24138,0
Tao38,Lake,Lizhi Lake,Oligo-meso,3.62069,3.62069,0.75,20.69,NA,NA,F2,3.62069,0.479572868
Tao38,Lake,Lizhi Lake,Oligo-meso,3.7931,3.7931,0.75,13.97,NA,NA,F2,3.7931,0.526091879
Tao38,Lake,Lizhi Lake,Oligo-meso,4.82759,4.82759,0.75,7.93,NA,NA,F2,4.82759,0.767255631
Wang39,Lake,Wulong reservoir,Hyper,6.25,126.6,0.75,15.9,NA,9.34,T2,6.25,2.331433247
Wang39,Lake,Wulong reservoir,Hyper,4.22,67.7,0.75,17.5,NA,8.11,T2,4.22,1.705486918
Wang39,Lake,Wulong reservoir,Hyper,2.91,37.4,0.75,16,NA,9.09,T2,2.91,1.112071442
Wang39,Lake,Wulong reservoir,Eutro,1.3,15.2,0.75,17.4,NA,9.37,T2,1.3,0.211696165
Wang39,Lake,Wulong reservoir,Eutro,1.44,19.8,0.75,17.1,NA,9.25,T2,1.44,0.476082675
Wang39,Lake,Wulong reservoir,Hyper,6.38,85.25,0.75,18.7,NA,8.52,T2,6.38,1.935988854
Wang39,Lake,Wulong reservoir,Hyper,3.94,47.2,0.75,18.4,NA,8.56,T2,3.94,1.34479463
Wang39,Lake,Wulong reservoir,Hyper,2.71,38.9,0.75,18.2,NA,8.99,T2,2.71,1.151394988
Wang39,Lake,Wulong reservoir,Eutro,0.99,15.7,0.75,17.7,NA,10.15,T2,0.99,0.24406145
Wang39,Lake,Wulong reservoir,Eutro,1.44,20.3,0.75,18,NA,9.38,T2,1.44,0.501021624
Wang39,Lake,Wulong reservoir,Hyper,7.53,64.4,0.75,18.9,NA,6.7,T2,7.53,1.655514371
Wang39,Lake,Wulong reservoir,Hyper,4.31,39.1,0.75,18.4,NA,7.4,T2,4.31,1.156523205
Wang39,Lake,Wulong reservoir,Hyper,2.83,30.6,0.75,18.3,NA,8.94,T2,2.83,0.911400747
Wang39,Lake,Wulong reservoir,Eutro,1.31,17.1,0.75,18.7,NA,9.42,T2,1.31,0.329479201
Wang39,Lake,Wulong reservoir,Eutro,1.53,12.3,0.75,18.1,NA,9.73,T2,1.53,0
Wang39,Lake,Wulong reservoir,Hyper,7.09,37.8,0.75,19,NA,7.04,T2,7.09,1.12270984
Wang39,Lake,Wulong reservoir,Eutro,4.79,26,0.75,18.3,NA,7.45,T2,4.79,0.748497276
Wang39,Lake,Wulong reservoir,Eutro,3.79,21.6,0.75,19,NA,8.81,T2,3.79,0.563094052
Wang39,Lake,Wulong reservoir,Eutro,1.75,22.5,0.75,18.4,NA,9.73,T2,1.75,0.603916047
Wang39,Lake,Wulong reservoir,Eutro,2.05,18.8,0.75,18.5,NA,9.7,T2,2.05,0.424257607
Janssen40,Lake,Taihu Lake,Oligo-meso,0.91,1.99,0.75,NA,960,NA,T2,0.91,0.497514279
Janssen40,Lake,Taihu Lake,Oligo-meso,0.92,2.43,0.75,NA,880,NA,T2,0.92,0.697270898
Janssen40,Lake,Taihu Lake,Oligo-meso,0.92,2.37,0.75,NA,600,NA,T2,0.92,0.672269596
Janssen40,Lake,Taihu Lake,Oligo-meso,0.92,2.33,0.75,NA,550,NA,T2,0.92,0.655247908
Janssen40,Lake,Taihu Lake,Oligo-meso,0.63,1.5,0.75,NA,550,NA,T2,0.63,0.214844748
Janssen40,Lake,Taihu Lake,Oligo-meso,0.85,1.76,0.75,NA,350,NA,T2,0.85,0.374693449
Janssen40,Lake,Taihu Lake,Oligo-meso,1.17,2.95,0.75,NA,300,NA,T2,1.17,0.891184811
Janssen40,Lake,Taihu Lake,Oligo-meso,1.08,2.28,0.75,NA,600,NA,T2,1.08,0.633555083
Janssen40,Lake,Taihu Lake,Oligo-meso,0.92,2.2,0.75,NA,600,NA,T2,0.92,0.597837001
Janssen40,Lake,Taihu Lake,Oligo-meso,0.85,1.59,0.75,NA,650,NA,T2,0.85,0.273113657
Janssen40,Lake,Taihu Lake,Oligo-meso,0.95,2.19,0.75,NA,900,NA,T2,0.95,0.593281184
Janssen40,Lake,Taihu Lake,Oligo-meso,0.92,2.01,0.75,NA,550,NA,T2,0.92,0.507514362
Janssen40,Lake,Taihu Lake,Oligo-meso,1.18,2.27,0.75,NA,700,NA,T2,1.18,0.629159472
Janssen40,Lake,Taihu Lake,Oligo-meso,0.64,1.43,0.75,NA,270,NA,T2,0.64,0.167054085
Janssen40,Lake,Taihu Lake,Oligo-meso,0.88,2.29,0.75,NA,230,NA,T2,0.88,0.637931458
Janssen40,Lake,Taihu Lake,Oligo-meso,1.26,1.97,0.75,NA,480,NA,T2,1.26,0.487413183
Janssen40,Lake,Taihu Lake,Oligo-meso,1.02,1.84,0.75,NA,480,NA,T2,1.02,0.419145212
Janssen40,Lake,Taihu Lake,Oligo-meso,0.96,1.94,0.75,NA,530,NA,T2,0.96,0.472067613
Janssen40,Lake,Taihu Lake,Oligo-meso,0.89,1.27,0.75,NA,640,NA,T2,0.89,0.048396541
Janssen40,Lake,Taihu Lake,Oligo-meso,1.06,1.95,0.75,NA,850,NA,T2,1.06,0.477209013
Janssen40,Lake,Taihu Lake,Oligo-meso,0.95,1.61,0.75,NA,670,NA,T2,0.95,0.285613819
Janssen40,Lake,Taihu Lake,Oligo-meso,1.05,5,0.75,NA,400,NA,T2,1.05,1.418817553
Janssen40,Lake,Taihu Lake,Oligo-meso,0.8,1.44,0.75,NA,650,NA,T2,0.8,0.174022754
Janssen40,Lake,Taihu Lake,Oligo-meso,0.87,2.33,0.75,NA,470,NA,T2,0.87,0.655247908
Janssen40,Lake,Taihu Lake,Oligo-meso,1.23,3.31,0.75,NA,430,NA,T2,1.23,1.00632783
Janssen40,Lake,Taihu Lake,Oligo-meso,1.01,3.77,0.75,NA,460,NA,T2,1.01,1.136454642
Janssen40,Lake,Taihu Lake,Oligo-meso,0.98,2.89,0.75,NA,570,NA,T2,0.98,0.870636143
Janssen40,Lake,Taihu Lake,Oligo-meso,1.1,2.6,0.75,NA,590,NA,T2,1.1,0.764891085
Janssen40,Lake,Taihu Lake,Oligo-meso,1.06,6,0.75,NA,400,NA,T2,1.06,1.60113911
Janssen40,Lake,Taihu Lake,Oligo-meso,0.98,2.82,0.75,NA,460,NA,T2,0.98,0.846116525
Janssen40,Lake,Taihu Lake,Eutro,1.06,10.91,0.75,NA,210,NA,T2,1.06,2.19905944
Janssen40,Lake,Taihu Lake,Oligo-meso,0.97,1.21,0.75,NA,640,NA,T2,0.97,0
Janssen40,Lake,Taihu Lake,Oligo-meso,1.13,2.71,0.75,NA,320,NA,T2,1.13,0.806328275
Janssen40,Lake,Taihu Lake,Eutro,1.41,17.29,0.75,NA,160,NA,T2,1.41,2.65950794
Janssen40,Lake,Taihu Lake,Eutro,1.48,15.91,0.75,NA,160,NA,T2,1.48,2.576327483
Janssen40,Lake,Taihu Lake,Eutro,1.15,7.36,0.75,NA,370,NA,T2,1.15,1.805439573
Janssen40,Lake,Taihu Lake,Oligo-meso,1.02,2.89,0.75,NA,500,NA,T2,1.02,0.870636143
Janssen40,Lake,Taihu Lake,Oligo-meso,1.01,2.62,0.75,NA,430,NA,T2,1.01,0.772553958
Janssen40,Lake,Taihu Lake,Oligo-meso,0.9,1.31,0.75,NA,570,NA,T2,0.9,0.079406778
Janssen40,Lake,Taihu Lake,Oligo-meso,0.94,1.92,0.75,NA,550,NA,T2,0.94,0.461704826
Janssen40,Lake,Taihu Lake,Oligo-meso,0.87,1.64,0.75,NA,580,NA,T2,0.87,0.304075882
Janssen40,Lake,Taihu Lake,Oligo-meso,1.12,4.72,0.75,NA,240,NA,T2,1.12,1.36118844
Janssen40,Lake,Taihu Lake,Oligo-meso,1.24,5.38,0.75,NA,200,NA,T2,1.24,1.492068015
Janssen40,Lake,Taihu Lake,Oligo-meso,1.13,3.14,0.75,NA,390,NA,T2,1.13,0.95360244
Janssen40,Lake,Taihu Lake,Oligo-meso,0.96,3.45,0.75,NA,550,NA,T2,0.96,1.047753871
Janssen40,Lake,Taihu Lake,Oligo-meso,1.07,2.67,0.75,NA,540,NA,T2,1.07,0.791458113
Janssen40,Lake,Taihu Lake,Oligo-meso,0.91,2.82,0.75,NA,390,NA,T2,0.91,0.846116525
Janssen40,Lake,Taihu Lake,Oligo-meso,0.84,2.17,0.75,NA,450,NA,T2,0.84,0.584106808
Janssen40,Lake,Taihu Lake,Oligo-meso,1,3.92,0.75,NA,290,NA,T2,1,1.175471294
Janssen40,Lake,Taihu Lake,Oligo-meso,1.2,7.87,0.75,NA,200,NA,T2,1.2,1.872437703
Janssen40,Lake,Taihu Lake,Oligo-meso,0.99,6.38,0.75,NA,400,NA,T2,0.99,1.662547738
Janssen40,Lake,Taihu Lake,Oligo-meso,1,4.18,0.75,NA,400,NA,T2,1,1.239690887
Fan41,Lake,Taihu Lake,Hyper,3.14,48.94,0.75,20,37.68,8.59,T1,3.14,0
Fan41,Lake,Taihu Lake,Hyper,0.661,13.4007,0.75,NA,76.69,NA,F5,0.661,0.646361407
Fan41,Lake,Taihu Lake,Hyper,0.875,47.461,0.75,NA,31.76,NA,F5,0.875,1.910962784
Fan41,Lake,Taihu Lake,Eutro,0.929,8.51064,0.75,NA,55.69,NA,F5,0.929,0.192371608
Fan41,Lake,Taihu Lake,Hyper,1.607,30.2234,0.75,NA,52.71,NA,F5,1.607,1.459670921
Fan41,Lake,Taihu Lake,Hyper,1.821,41.7128,0.75,NA,33.75,NA,F5,1.821,1.781862499
Fan41,Lake,Taihu Lake,Hyper,2.13,37.8794,0.75,NA,45.24,NA,F5,2.13,1.685461891
Fan41,Lake,Taihu Lake,Eutro,2.09,7.02128,0.75,NA,69.47,NA,F5,2.09,0
Fan41,Lake,Taihu Lake,Eutro,2.66,28.0957,0.75,NA,26.77,NA,F5,2.66,1.386671002
Fan41,Lake,Taihu Lake,Eutro,3.64,10.8617,0.75,NA,39.72,NA,F5,3.64,0.436297302
Li42,reservoir,Dongya reservoir,Eutro,2.2625,8.75,0.75,NA,NA,NA,F2/F4,2.2625,0.955512816
Li42,reservoir,Dongya reservoir,Oligo-meso,0.6875,3.36538,0.75,NA,NA,NA,F2/F4,0.6875,0
Li42,reservoir,Dongya reservoir,Oligo-meso,1.925,4.80769,0.75,NA,NA,NA,F2/F4,1.925,0.356675835
Li42,reservoir,Dongya reservoir,Oligo-meso,3.325,6.25,0.75,NA,NA,NA,F2/F4,3.325,0.61904058
Li42,reservoir,Dongya reservoir,Oligo-meso,0.675,5.76923,0.75,NA,NA,NA,F2/F4,0.675,0.538997739
Li42,reservoir,Dongya reservoir,Eutro,1.1375,8.07692,0.75,NA,NA,NA,F2/F4,1.1375,0.875469728
Li42,reservoir,Dongya reservoir,Eutro,1.05,9.03846,0.75,NA,NA,NA,F2/F4,1.05,0.987947922
Li42,reservoir,Dongya reservoir,Eutro,1.8875,10.6731,0.75,NA,NA,NA,F2/F4,1.8875,1.154185673
Li42,reservoir,Dongya reservoir,Oligo-meso,3.225,4.03846,0.75,NA,NA,NA,F2/F4,3.225,0.182322547
Li42,reservoir,Dongya reservoir,Eutro,0.5,8.84615,0.75,NA,NA,NA,F2/F4,0.5,0.966441452
Li42,reservoir,Dongya reservoir,Eutro,1.2375,9.51923,0.75,NA,NA,NA,F2/F4,1.2375,1.039773079
Li42,reservoir,Dongya reservoir,Eutro,1.2125,11.7308,0.75,NA,NA,NA,F2/F4,1.2125,1.248676978
Li42,reservoir,Dongya reservoir,Eutro,2.075,10.3846,0.75,NA,NA,NA,F2/F4,2.075,1.126783056
Li42,reservoir,Dongya reservoir,Oligo-meso,2.2625,5.96154,0.75,NA,NA,NA,F2/F4,2.2625,0.571787953
Li42,reservoir,Dongya reservoir,Eutro,0.5625,20.0962,0.75,NA,NA,NA,F2/F4,0.5625,1.786989859
Li42,reservoir,Dongya reservoir,Hyper,2.8633,37.5,0.75,12.22,0.65,2.74,F1,2.8633,0.251313285
Li42,reservoir,Dongya reservoir,Hyper,0.565068,72.2222,0.75,23.5,0.54,8.87,F1,0.565068,0.90671983
Li42,reservoir,Dongya reservoir,Hyper,0.661244,62.5,0.75,31.04,0.5,8.56,F1,0.661244,0.762138909
Li42,reservoir,Dongya reservoir,Hyper,3.23316,138.889,0.75,28.63,0.3,6.41,F1,3.23316,1.560647405
Li42,reservoir,Dongya reservoir,Hyper,2.40468,123.611,0.75,29.81,0.32,7.29,F1,2.40468,1.44411189
Li42,reservoir,Dongya reservoir,Hyper,2.08961,79.1667,0.75,26.91,0.24,6.18,F1,2.08961,0.998528108
Li42,reservoir,Dongya reservoir,Hyper,2.84532,168.056,0.75,16.62,0.54,12.18,F1,2.84532,1.75126961
Li42,reservoir,Dongya reservoir,Hyper,2.23231,123.611,0.75,10.59,0.51,15.98,F1,2.23231,1.44411189
Li42,reservoir,Dongya reservoir,Hyper,1.53311,44.4444,0.75,1.69,0.62,13.2,F1,1.53311,0.421211322
Li42,reservoir,Dongya reservoir,Hyper,1.56421,47.2222,0.75,12.22,0.25,6.2,F1,1.56421,0.481836473
Li42,reservoir,Dongya reservoir,Eutro,0.0216895,29.1667,0.75,23.5,0.28,10.12,F1,0.0216895,0
Li42,reservoir,Dongya reservoir,Hyper,0.648116,184.722,0.75,31.04,0.16,11.67,F1,0.648116,1.845824345
Li42,reservoir,Dongya reservoir,Hyper,1.57734,97.2222,0.75,28.63,0.13,5.98,F1,1.57734,1.203971433
Li42,reservoir,Dongya reservoir,Hyper,0.704338,245.833,0.75,29.81,0.17,3.67,F1,0.704338,2.131624796
Li42,reservoir,Dongya reservoir,Hyper,0.562785,244.444,0.75,26.91,0.14,4.56,F1,0.562785,2.125958596
Li42,reservoir,Dongya reservoir,Hyper,2.81764,247.222,0.75,16.62,0.19,6.63,F1,2.81764,2.137259071
Li42,reservoir,Dongya reservoir,Hyper,3.23116,300,0.75,10.59,0.15,7.43,F1,3.23116,2.330754827
Li42,reservoir,Dongya reservoir,Hyper,1.91724,133.333,0.75,1.69,0.24,10.08,F1,1.91724,1.519822111
